candidate,source,net_usd,sharpe_1x,sharpe_2x,sharpe_2021_24,mean_bp,mean_ci90_lo,mean_ci90_hi,p_two_sided,p_max_abs_t_all_candidates,improvement_vs_P0_bp,improvement_ci90_lo,improvement_ci90_hi,improvement_p_max_abs_t_all,pnl_without_top3,min_leave_year_out_sharpe
registered_P0,Registered result; 2x Sharpe taken from saved summary,183525.0,0.13390173736617395,0.09189625627,0.11791443710621476,1.6993055555555552,-4.460938657407407,8.20024074074074,0.6573,1.0,0.0,0.0,0.0,1.0,-287414.37500000006,-0.022387992525976595
registered_PD,Registered result; 2x Sharpe taken from saved summary,-117936.25000000004,-0.12183081749587976,-0.1560641398,0.0021029954710367047,-1.0920023148148155,-5.462493634259261,3.257885995370371,0.68225,1.0,-2.7913078703703706,-7.414896990740741,1.458930555555554,0.97055,-415390.00000000006,-0.25170630769911856
registered_PE,Registered result; 2x Sharpe taken from saved summary,123865.62499999994,0.13708239406256567,0.09464503796,0.11439070950276421,1.1469039351851853,-2.8892459490740747,5.414954861111109,0.6494,1.0,-0.5524016203703702,-2.786650462962962,1.5712662037037022,1.0,-186455.62500000003,-0.024684187435703858
registered_PG,Registered result; 2x Sharpe taken from saved summary,-36978.749999999985,-0.04706843308003567,-0.0816001364,0.28758114154379555,-0.34239583333333373,-3.700405092592593,3.06316724537037,0.8707,1.0,-2.041701388888889,-7.385504050925926,3.0274114583333325,0.99975,-295590.0,-0.1828866992032657
registered_PP,Registered result; 2x Sharpe taken from saved summary,-121191.875,-0.39847259024059434,-0.4069548194,,-1.1221469907407406,-2.7942627314814814,0.18784490740740692,0.21475,0.9894,-2.8214525462962965,-9.484519675925922,3.5098744212962907,0.9989,-153262.5,-0.43325373260635064
registered_PX,Registered result; 2x Sharpe taken from saved summary,42295.62500000002,0.0552772538076879,0.02278185151,0.30543983090397875,0.39162615740740747,-2.8514357638888885,3.6648709490740736,0.8427,1.0,-1.307679398148148,-6.689212962962959,3.808254050925927,1.0,-216000.0,-0.06073139975962141
model_event_always,"Nine feature specifications plus always-trade controls, event/pseudo",183525.0,0.13390173736617395,0.0918962562664272,0.11791443710621476,1.6993055555555552,-4.460938657407407,8.20024074074074,0.6573,1.0,0.0,0.0,0.0,1.0,-287414.37500000006,-0.022387992525976595
model_event_original_ols,"Nine feature specifications plus always-trade controls, event/pseudo",-36978.749999999985,-0.04706843308003567,-0.08160013639939027,0.28758114154379555,-0.34239583333333373,-3.700405092592593,3.06316724537037,0.8707,1.0,-2.041701388888889,-7.385504050925926,3.0274114583333325,0.99975,-295590.0,-0.1828866992032657
model_event_original_ridge,"Nine feature specifications plus always-trade controls, event/pseudo",65618.12499999999,0.0766933918760172,0.040170741767852486,0.22732709437235762,0.6075752314814813,-2.9842447916666663,4.326328125,0.78425,1.0,-1.0917303240740746,-6.316920717592591,3.874090277777772,1.0,-227188.75,-0.010441833976771165
model_event_direction_interactions,"Nine feature specifications plus always-trade controls, event/pseudo",284082.50000000006,0.3519424648976308,0.3361798403662008,0.19026159570230847,2.6303935185185185,-1.457120949074074,7.151640625,0.3101,0.99895,0.9310879629629628,-4.155152777777778,5.842247106481478,1.0,-73638.75,0.1061291598760768
model_event_quarter_interactions,"Nine feature specifications plus always-trade controls, event/pseudo",474450.0,0.5246956202647353,0.4951471885029377,0.8000888639282974,4.393055555555557,0.1860162037037041,9.121249999999998,0.10355,0.88225,2.69375,-2.6647615740740758,7.804725115740738,0.9946,96393.125,0.39947201761902335
model_event_volatility_interactions,"Nine feature specifications plus always-trade controls, event/pseudo",48605.62500000008,0.0525675440353712,0.027577727928402115,0.1444142913218959,0.45005208333333324,-3.61145486111111,4.844779513888888,0.85825,1.0,-1.2492534722222224,-5.780864583333333,3.168965277777777,0.99995,-309115.625,-0.1756608328309835
model_event_correlation_interactions,"Nine feature specifications plus always-trade controls, event/pseudo",-227672.50000000003,-0.36899000553868566,-0.40110132460448966,0.27788040633372574,-2.108078703703704,-5.1361689814814815,0.8164241898148142,0.2432,0.99355,-3.8073842592592597,-9.66908449074074,1.71721759259259,0.95405,-402499.375,-0.6389402930008264
model_event_nonlinear_shape,"Nine feature specifications plus always-trade controls, event/pseudo",253534.37500000003,0.2519505891708554,0.21888827586385504,0.5256187328572877,2.347540509259259,-2.2008350694444445,7.324249999999992,0.41505,1.0,0.6482349537037038,-4.087731481481482,5.115353009259258,1.0,-124522.50000000001,0.13429028714706712
model_event_common_market_move,"Nine feature specifications plus always-trade controls, event/pseudo",311034.37500000006,0.38263066761858266,0.36358225526635574,0.11362838338711481,2.8799479166666675,-1.256403935185185,7.4657471064814835,0.27345,0.99775,1.1806423611111112,-3.9744097222222226,6.213978009259259,1.0,-46686.87499999999,0.15024748720410766
model_event_combined,"Nine feature specifications plus always-trade controls, event/pseudo",91500.0,0.10638462003650494,0.08488336751056928,0.20796385064246947,0.8472222222222225,-3.2697170138888887,5.382847222222224,0.7501,1.0,-0.8520833333333335,-5.498973958333335,3.6687818287037004,1.0,-266221.25,-0.18834197421079224
model_pseudo_always,"Nine feature specifications plus always-trade controls, event/pseudo",-447090.62500000006,-0.3880673463411733,-0.43117497728986476,-0.3551829574341782,-4.139728009259259,-9.080769097222225,0.9758819444444435,0.17745,0.97275,-5.839033564814812,-14.366960069444442,2.5625653935185166,0.9417,-706821.8750000001,-0.4622197163068027
model_pseudo_original_ols,"Nine feature specifications plus always-trade controls, event/pseudo",-121191.875,-0.39847259024059434,-0.4069548194087638,,-1.1221469907407406,-2.7942627314814814,0.18784490740740692,0.21475,0.9894,-2.8214525462962965,-9.484519675925922,3.5098744212962907,0.9989,-153262.5,-0.43325373260635064
model_pseudo_original_ridge,"Nine feature specifications plus always-trade controls, event/pseudo",-34495.62499999999,-0.21213596344824992,-0.226458894161913,,-0.31940393518518506,-1.209425925925926,0.40819444444444447,0.52035,1.0,-2.018709490740741,-8.619645833333333,4.228653356481482,0.99995,-64233.74999999999,-0.329486598903124
model_pseudo_direction_interactions,"Nine feature specifications plus always-trade controls, event/pseudo",-91458.12499999997,-0.13658844162521172,-0.15221369494674744,-0.12557935407502493,-0.8468344907407409,-3.9387430555555554,2.2074050925925928,0.6454,1.0,-2.5461400462962978,-10.45099884259259,4.9778599537037005,0.99995,-314605.625,-0.2583225868324284
model_pseudo_quarter_interactions,"Nine feature specifications plus always-trade controls, event/pseudo",-272426.875,-0.5377019897920767,-0.5447644382645055,-0.08309740100963223,-2.5224710648148148,-5.131155092592593,-0.1501493055555572,0.0938,0.85305,-4.221776620370372,-11.119211805555555,2.461277777777774,0.9718,-364133.75,-0.617565195929857
model_pseudo_volatility_interactions,"Nine feature specifications plus always-trade controls, event/pseudo",-39014.99999999999,-0.19669572496286775,-0.21209992111330583,,-0.3612499999999999,-1.3768483796296294,0.5377013888888889,0.5326,1.0,-2.060555555555556,-8.788,4.322898148148147,0.99995,-96033.74999999999,-0.3497314863747512
model_pseudo_correlation_interactions,"Nine feature specifications plus always-trade controls, event/pseudo",-165003.75,-0.5280887815464146,-0.5374857450624777,-0.7555916762598747,-1.5278124999999998,-3.3020694444444447,-0.12328298611111169,0.10495,0.904,-3.2271180555555543,-9.995211226851854,3.2194398148148142,0.99715,-197074.375,-0.571013402193458
model_pseudo_nonlinear_shape,"Nine feature specifications plus always-trade controls, event/pseudo",-198592.50000000003,-0.4838196437754048,-0.4918167910898157,0.29572183929853163,-1.8388194444444448,-3.992151041666667,0.03107638888888869,0.12965,0.93255,-3.538125000000001,-10.407976851851855,3.03383796296296,0.9924,-249995.0,-0.6622269613218809
model_pseudo_common_market_move,"Nine feature specifications plus always-trade controls, event/pseudo",-123696.24999999999,-0.2024133871547992,-0.22202342990349147,-0.005120064543922495,-1.145335648148148,-4.289129629629629,1.9157702546296276,0.5441,1.0,-2.8446412037037048,-10.985007523148152,4.911728587962961,0.99985,-297653.125,-0.3150243615141702
model_pseudo_combined,"Nine feature specifications plus always-trade controls, event/pseudo",-164549.99999999997,-0.2075586057365495,-0.22623670629478682,-0.16116181499602295,-1.5236111111111108,-5.3392430555555555,2.3112934027777774,0.51415,1.0,-3.222916666666667,-11.547824074074073,4.898310763888884,0.99975,-396014.37500000006,-0.33166497629529873
ablation_historical_mean,Ablation or explicitly post-observation sign partition,164784.37499999997,0.12044198920298932,0.08144712267534514,0.11791443710621476,1.52578125,-4.640760416666666,8.010343171296295,0.6902,1.0,-0.17352430555555554,-0.5771817129629628,0.09721643518518519,0.99665,-306155.00000000006,-0.022387992525976595
ablation_direction_mean,Ablation or explicitly post-observation sign partition,337844.375,0.4039937183477305,0.39061584938019256,0.28780354938104497,3.1281886574074074,-1.2072233796296294,7.8558686342592585,0.2482,0.9951,1.428883101851852,-3.5000144675925933,6.237972222222221,0.99995,-19876.87499999999,0.1863946258427057
ablation_direction_ols,Ablation or explicitly post-observation sign partition,288412.5,0.3566736874950774,0.3385585809586389,0.12584184652883454,2.670486111111112,-1.4293605324074072,7.252825810185181,0.30425,0.9989,0.9711805555555557,-4.171049189814816,5.946967592592593,1.0,-69308.75,0.11317195256450117
ablation_trailing60_ols,Ablation or explicitly post-observation sign partition,-155878.12499999997,-0.17472713625879194,-0.2048847591154534,-0.03522852895499205,-1.4433159722222222,-5.036962962962963,2.1353153935185167,0.50175,1.0,-3.142621527777777,-8.68057638888889,1.804571180555553,0.97985,-448685.0,-0.29212842056953875
ablation_constrained_ols,Ablation or explicitly post-observation sign partition,32151.874999999985,0.025036634118551327,-0.013195552186614366,0.09887967106966138,0.297702546296296,-5.487160879629629,6.5448287037037005,0.9393,1.0,-1.4016030092592595,-3.882300347222223,0.5192054398148146,0.97375,-410819.375,-0.14443802274199513
ablation_no_progress,Ablation or explicitly post-observation sign partition,-117936.25000000004,-0.12183081749587976,-0.15606413984913087,0.0021029954710367047,-1.0920023148148155,-5.462493634259261,3.257885995370371,0.68225,1.0,-2.7913078703703706,-7.414896990740741,1.458930555555554,0.97055,-415390.00000000006,-0.25170630769911856
posthoc_month_end_A_negative,Ablation or explicitly post-observation sign partition,444472.5,0.40516153063812976,0.3719019242430073,0.6904319671057703,4.115486111111112,-0.9705601851851855,9.68701736111111,0.20475,0.9863,2.416180555555555,-1.3182534722222223,6.122510995370371,0.96305,1501.2500000000334,0.24830735681070681
posthoc_month_end_A_nonnegative,Ablation or explicitly post-observation sign partition,-260947.49999999997,-0.32229166490226613,-0.3469142820742782,-0.8111934906161374,-2.416180555555555,-6.122510995370372,1.3182534722222212,0.2841,0.99815,-4.115486111111112,-9.687017361111113,0.9705601851851849,0.8894,-502067.50000000006,-0.48087570283385783
posthoc_month_end_long_A_negative,Ablation or explicitly post-observation sign partition,347028.12500000006,0.44486213970296595,0.43643965645003796,0.5313067676504392,3.2132233796296297,-0.7880781249999999,7.704118055555553,0.2097,0.9881,1.5139178240740745,-3.4700422453703705,6.378850694444442,0.99995,-10693.124999999984,0.22614109814568775
posthoc_month_end_long_A_nonnegative,Ablation or explicitly post-observation sign partition,47165.625,0.19058151494837205,0.17690925904578905,-0.5652507178862447,0.4367187500000003,-0.6272320601851852,1.6599687499999995,0.53555,1.0,-1.2625868055555556,-7.750692129629629,4.929221643518516,1.0,-56070.625,-0.08983646690357107
posthoc_month_end_short_A_negative,Ablation or explicitly post-observation sign partition,97444.375,0.12573432130757095,0.08802077105010188,0.4750632568044371,0.9022627314814812,-2.3181394675925917,4.385038773148146,0.65815,1.0,-0.7970428240740741,-6.48486689814815,4.653277199074074,1.0,-222901.87499999997,-0.11674765535353603
posthoc_month_end_short_A_nonnegative,Ablation or explicitly post-observation sign partition,-308113.12499999994,-0.400497947411884,-0.4209274866895052,-0.6627871342910409,-2.8528993055555563,-6.572253472222225,0.9082795138888884,0.20795,0.987,-4.552204861111113,-10.275872106481481,0.6758234953703705,0.82585,-539926.875,-0.6135260970383577
posthoc_mid_month_A_negative,Ablation or explicitly post-observation sign partition,-338159.37500000006,-0.3129202181450858,-0.3528221268767007,-0.37264000084485144,-3.1311053240740745,-7.671038773148148,1.5235752314814806,0.25965,0.99615,-4.830410879629631,-13.151546296296301,3.313274884259255,0.9822,-597890.625,-0.34383827925420324
posthoc_mid_month_A_nonnegative,Ablation or explicitly post-observation sign partition,-108931.25000000003,-0.2676019857064348,-0.2831180752967815,-0.0931556014109773,-1.0086226851851852,-3.248328703703703,1.1739357638888888,0.44485,1.0,-2.7079282407407406,-9.494042824074072,3.898896412037036,0.9997,-241228.75000000003,-0.6065081683079179
posthoc_mid_month_long_A_negative,Ablation or explicitly post-observation sign partition,-84952.49999999996,-0.12205832436164829,-0.13949089640612944,-0.058460572883464755,-0.7865972222222222,-3.991486111111111,2.3953883101851856,0.6825,1.0,-2.4859027777777802,-10.633968750000001,5.333045138888889,0.99995,-308100.0,-0.23172121080637598
posthoc_mid_month_long_A_nonnegative,Ablation or explicitly post-observation sign partition,9716.875000000004,0.027388547993984245,0.02094294269342225,0.008788916668043208,0.0899710648148148,-1.7422858796296297,1.8041012731481478,0.936,1.0,-1.6093344907407419,-8.265763310185184,4.83823148148148,1.0,-108695.62499999999,-0.18868813715314112
posthoc_mid_month_short_A_negative,Ablation or explicitly post-observation sign partition,-253206.875,-0.30548500202738293,-0.3425718510460815,-0.4094503729930886,-2.3445081018518517,-6.441527199074074,1.7429635416666651,0.3395,0.9996,-4.043813657407408,-11.060445023148148,2.941159143518518,0.9846,-468074.99999999994,-0.5026524284835237
posthoc_mid_month_short_A_nonnegative,Ablation or explicitly post-observation sign partition,-118648.12499999999,-0.5959318152267891,-0.6138851036614296,-0.27894637075482653,-1.09859375,-2.1820341435185187,-0.08360358796296345,0.08635,0.82395,-2.7978993055555548,-9.407600694444444,3.505635416666664,0.9989,-168874.375,-0.920856612513093
horizon_P0_exit_L,Post-observation endpoint and target refit,794478.1250000001,0.634222968897558,0.588915623446129,0.4781078614395099,7.3562789351851885,1.3261984953703705,13.650982060185184,0.0505,0.65015,5.65697337962963,2.4176793981481484,9.085677083333337,0.08035,306226.25000000006,0.4615760138649648
horizon_PG_original_decisions_exit_L,Post-observation endpoint and target refit,129502.50000000003,0.1858866116938485,0.14693713858779286,0.549210269363091,1.1990972222222223,-2.1639855324074073,4.449932870370367,0.54815,1.0,-0.5002083333333345,-6.0109861111111105,4.785138888888886,1.0,-110945.0,0.08229166261346915
horizon_PG_refit_exit_L_OLS,Post-observation endpoint and target refit,794478.1250000001,0.634222968897558,0.588915623446129,0.4781078614395099,7.3562789351851885,1.3261984953703705,13.650982060185184,0.0505,0.65015,5.65697337962963,2.4176793981481484,9.085677083333337,0.08035,306226.25000000006,0.4615760138649648
horizon_PG_refit_exit_L_ridge20,Post-observation endpoint and target refit,794478.1250000001,0.634222968897558,0.588915623446129,0.4781078614395099,7.3562789351851885,1.3261984953703705,13.650982060185184,0.0505,0.65015,5.65697337962963,2.4176793981481484,9.085677083333337,0.08035,306226.25000000006,0.4615760138649648
timing_ES_only,monthly_variants.csv,252677.4999999999,0.21051343766383782,0.1912229030212993,0.06946146026238621,2.339606481481481,-3.1265046296296277,8.163678240740737,0.49755,1.0,0.6403009259259264,-2.2492089120370373,3.3945005787037017,1.0,-152530.0,-0.07098870054224857
timing_F1_only,monthly_variants.csv,-668490.6250000001,-0.9960777216864758,-1.0759298285389831,-0.7503119140149076,-6.189728009259261,-9.64611574074074,-2.9305248842592637,0.003,0.08485,-7.889033564814811,-14.193457754629627,-1.862986111111114,0.325,-806416.2500000001,-1.2317068281695793
timing_ZN_only,monthly_variants.csv,-69152.50000000004,-0.12203773944698106,-0.18282814645975257,0.12668004021535884,-0.6403009259259264,-3.394500578703705,2.249208912037037,0.70845,1.0,-2.3396064814814816,-8.16367824074074,3.126504629629626,0.9996,-249022.5,-0.20240578184333297
timing_baseline,monthly_variants.csv,183525.0,0.13390173736617395,0.0918962562664272,0.11791443710621476,1.6993055555555552,-4.460938657407407,8.20024074074074,0.6573,1.0,0.0,0.0,0.0,1.0,-287414.37500000006,-0.022387992525976595
timing_exit_L,monthly_variants.csv,794478.1250000001,0.634222968897558,0.588915623446129,0.4781078614395099,7.3562789351851885,1.3261984953703705,13.650982060185184,0.0505,0.65015,5.65697337962963,2.4176793981481484,9.085677083333337,0.08035,306226.25000000006,0.4615760138649648
timing_last_day,monthly_variants.csv,312359.375,0.4708563004200935,0.38426046462175856,0.2969076285786082,2.8922164351851856,-0.23252256944444433,6.172873842592586,0.13645,0.93665,1.1929108796296295,-4.0369328703703715,6.190807291666657,1.0,38686.25,0.2936321172927302
timing_midmonth,monthly_variants.csv,-447090.62500000006,-0.3880673463411733,-0.43117497728986476,-0.3551829574341782,-4.139728009259259,-9.080769097222225,0.9758819444444435,0.17745,0.97275,-5.839033564814812,-14.366960069444442,2.5625653935185166,0.9417,-706821.8750000001,-0.4622197163068027
followup_always_long_ES_F1,followup_monthly.csv,555727.5,0.9264731883406953,0.8901626184571511,0.9673328386130654,5.145625000000003,2.184578703703703,8.334354166666667,0.00775,0.1692,3.446319444444443,-3.7784560185185194,10.542985532407407,0.99755,318135.0,0.802725591413744
followup_always_long_spread_F1,followup_monthly.csv,571465.625,0.8630851409789199,0.780816173506038,0.7156631175316391,5.29134837962963,2.087951388888889,8.628913773148145,0.0087,0.207,3.5920428240740736,-3.925060763888887,10.959875578703695,0.99745,320494.99999999994,0.7323087431781945
followup_flip_at_L,followup_monthly.csv,1347893.7500000002,0.920565916213215,0.8447854881146898,0.7255678980117113,12.480497685185178,5.009328124999999,20.280179398148146,0.0071,0.1816,10.781192129629625,4.325229745370369,17.62706770833333,0.1038,798516.875,0.7551355469495197
followup_reverse_F1,followup_monthly.csv,553415.625,0.8327274065663367,0.7493806946521736,0.5969339433835841,5.124218750000001,1.905822916666667,8.539698495370368,0.01165,0.24615,3.424913194444447,-4.680978009259259,11.331261574074075,0.999,302445.0,0.7106000761415557
quotes_F1_only,matched_quote_monthly.csv,-650876.25,-0.9810109107238825,-1.0528858726959267,-0.6293590479655483,-6.026631944444444,-9.63902488425926,-2.6447280092592598,0.00525,0.13365,-7.7259375000000015,-14.222469328703708,-1.5726336805555599,0.37945,-782742.5,-1.1904288718699074
quotes_always_long_ES_F1,matched_quote_monthly.csv,515182.5,0.897113442495241,0.8629843276422263,0.8320473820474106,4.770208333333334,1.8984004629629623,7.857011574074073,0.0091,0.21195,3.070902777777777,-4.131212962962962,10.109914930555552,0.99895,271164.99999999994,0.7538200082142599
quotes_always_long_spread_F1,matched_quote_monthly.csv,555958.125,0.8490350197818062,0.7746869778162396,0.6360951679663815,5.147760416666666,1.8837662037037028,8.556956018518516,0.0125,0.2575,3.4484548611111108,-4.002474537037037,10.73228819444444,0.99835,280843.75,0.7103159189628593
quotes_baseline,matched_quote_monthly.csv,141623.75,0.11742082700525158,0.07439564792602377,0.27581746589449774,1.3113310185185187,-3.771248842592592,6.647523726851854,0.67865,1.0,-0.38797453703703727,-3.8006620370370388,2.6211232638888884,1.0,-254822.5000000001,0.04338613979549605
quotes_exit_L,matched_quote_monthly.csv,740648.7500000001,0.6613089732367593,0.6156349077092842,0.6127474521414336,6.857858796296296,1.7652702546296295,12.287921874999997,0.0332,0.5063,5.158553240740741,0.2746903935185181,9.858279513888885,0.5358,315615.0,0.5796354261621215
quotes_flip_at_L,matched_quote_monthly.csv,1287775.6249999998,0.9299486043448312,0.8579987162665342,0.8101850854100866,11.923848379629632,5.0905648148148135,19.49693576388889,0.0073,0.1695,10.224542824074074,2.663206597222221,17.987435185185177,0.2759,756984.3749999999,0.8472561471204837
quotes_reverse_F1,matched_quote_monthly.csv,547126.875,0.8334476410215985,0.7580506451454121,0.4774481709220452,5.065989583333334,1.7142708333333336,8.628010416666665,0.01555,0.3155,3.3666840277777794,-4.756127314814814,11.240637731481478,0.99935,272012.5,0.6609768333723031
