month,registered_P0,registered_PD,registered_PE,registered_PG,registered_PP,registered_PX,model_event_always,model_event_original_ols,model_event_original_ridge,model_event_direction_interactions,model_event_quarter_interactions,model_event_volatility_interactions,model_event_correlation_interactions,model_event_nonlinear_shape,model_event_common_market_move,model_event_combined,model_pseudo_always,model_pseudo_original_ols,model_pseudo_original_ridge,model_pseudo_direction_interactions,model_pseudo_quarter_interactions,model_pseudo_volatility_interactions,model_pseudo_correlation_interactions,model_pseudo_nonlinear_shape,model_pseudo_common_market_move,model_pseudo_combined,ablation_historical_mean,ablation_direction_mean,ablation_direction_ols,ablation_trailing60_ols,ablation_constrained_ols,ablation_no_progress,posthoc_month_end_A_negative,posthoc_month_end_A_nonnegative,posthoc_month_end_long_A_negative,posthoc_month_end_long_A_nonnegative,posthoc_month_end_short_A_negative,posthoc_month_end_short_A_nonnegative,posthoc_mid_month_A_negative,posthoc_mid_month_A_nonnegative,posthoc_mid_month_long_A_negative,posthoc_mid_month_long_A_nonnegative,posthoc_mid_month_short_A_negative,posthoc_mid_month_short_A_nonnegative,horizon_P0_exit_L,horizon_PG_original_decisions_exit_L,horizon_PG_refit_exit_L_OLS,horizon_PG_refit_exit_L_ridge20,timing_ES_only,timing_F1_only,timing_ZN_only,timing_baseline,timing_exit_L,timing_last_day,timing_midmonth,followup_always_long_ES_F1,followup_always_long_spread_F1,followup_flip_at_L,followup_reverse_F1,quotes_F1_only,quotes_always_long_ES_F1,quotes_always_long_spread_F1,quotes_baseline,quotes_exit_L,quotes_flip_at_L,quotes_reverse_F1
2015-10,-0.0056349375,0.0,-0.0037153125,0.0,0.0,0.0,-0.0056349375,0.0,0.0,0.0,0.0,-0.0056349375,-0.0056349375,0.0,0.0,-0.0056349375,-0.00272675,0.0,0.0,0.0,0.0,0.0,0.0,0.0,0.0,0.0,-0.0056349375,-0.0056349375,0.0,0.0,-0.0056349375,0.0,-0.0056349375,0.0,0.0,0.0,-0.0056349375,0.0,-0.00272675,0.0,0.0,0.0,-0.00272675,0.0,-0.0028199375,0.0,-0.0028199375,-0.0028199375,-0.003528,-0.0028868125,-0.0021069375,-0.0056349375,-0.0028199375,0.00103225,-0.00272675,0.002247,0.0027431875,-7.675e-05,0.0027431875,-0.002860875,0.0021945,0.00271725,-0.005529625,-0.0027405625,-2.33125e-05,0.00271725
2015-11,-0.0002300625,-0.0002300625,-5.525e-05,-0.0002300625,0.0,-0.00026975,-0.0002300625,-0.0002300625,-0.0002300625,-0.0002300625,-0.0002300625,-0.0002300625,-0.0002300625,-0.0002300625,-0.0002300625,-0.0002300625,0.0014378125,0.0,0.0,0.0,0.0,0.0,0.0,0.0,0.0,0.0,-0.0002300625,0.0,-0.0002300625,-0.0002300625,-0.0002300625,-0.0002300625,-0.0002300625,0.0,0.0,0.0,-0.0002300625,0.0,0.0,0.0014378125,0.0,0.0,0.0,0.0014378125,0.000220875,0.000220875,0.000220875,0.000220875,-0.0005635,-0.0004735,0.0003334375,-0.0002300625,0.000220875,0.0003049375,0.0014378125,0.0006965,0.000428375,0.00064925,0.000428375,-0.0004988125,0.000714,0.0004536875,-0.00026975,0.0002065,0.0006601875,0.0004536875
2015-12,-0.0002135,-0.0002135,-0.0002135,-0.0002135,5.8125e-05,0.0,-0.0002135,-0.0002135,-0.0002135,-0.0002135,-0.0002135,-0.0002135,-0.0002135,-0.0002135,-0.0002135,-0.0002135,5.8125e-05,5.8125e-05,5.8125e-05,5.8125e-05,0.0,5.8125e-05,5.8125e-05,0.0,5.8125e-05,5.8125e-05,-0.0002135,-0.0002135,-0.0002135,-0.0002135,-0.0002135,-0.0002135,0.0,-0.0002135,0.0,-0.0002135,0.0,0.0,5.8125e-05,0.0,5.8125e-05,0.0,0.0,0.0,-5.6e-05,-5.6e-05,-5.6e-05,-5.6e-05,-0.000213,-0.0001613125,-5e-07,-0.0002135,-5.6e-05,-0.0001285,5.8125e-05,-0.00013425,-0.0001613125,9.76875e-05,0.0001536875,0.0,0.0,0.0,0.0,0.0,0.0,0.0
2016-01,0.0056385,0.0,0.0035353125,0.0,0.0,0.0,0.0056385,0.0,0.0,0.0,0.0,0.0,0.0,0.0,0.0,0.0,-0.008346125,0.0,0.0,-0.008346125,-0.008346125,0.0,0.0,-0.008346125,0.0,-0.008346125,0.0056385,0.0056385,0.0,0.0,0.0056385,0.0,0.0,0.0056385,0.0,0.0056385,0.0,0.0,-0.008346125,0.0,-0.008346125,0.0,0.0,0.0,0.004851,0.0,0.004851,0.004851,0.0066715,0.000716,-0.001033,0.0056385,0.004851,0.004471,-0.008346125,9.9e-05,0.000716,0.003992,-0.000859,0.0009785,0.0005115,0.0009785,0.005761,0.004711,0.0035895,-0.0011215
2016-02,0.0004030625,0.0004030625,0.0004030625,0.0004030625,0.0,0.0003774375,0.0004030625,0.0004030625,0.0004030625,0.0004030625,0.0004030625,0.0004030625,0.0004030625,0.0004030625,0.0004030625,0.0004030625,0.0090673125,0.0,0.0,0.0090673125,0.0,0.0,0.0,0.0,0.0,0.0090673125,0.0004030625,0.0004030625,0.0004030625,0.0004030625,0.0004030625,0.0004030625,0.0,0.0004030625,0.0,0.0004030625,0.0,0.0,0.0090673125,0.0,0.0090673125,0.0,0.0,0.0,6.8375e-05,6.8375e-05,6.8375e-05,6.8375e-05,0.00030825,0.000330875,9.48125e-05,0.0004030625,6.8375e-05,-8.4125e-05,0.0090673125,0.00024075,0.000330875,-0.000270125,-0.0003385,0.00030525,0.000212,0.00030525,0.0003774375,6.8375e-05,-0.0002445,-0.000312875
2016-03,-0.0026755,0.0,-0.0017575,0.0,0.0,0.0,-0.0026755,0.0,0.0,0.0,-0.0026755,0.0,0.0,0.0,0.0,0.0,-0.0010354375,0.0,0.0,0.0,0.0,0.0,0.0,0.0,0.0,0.0,-0.0026755,0.0,0.0,0.0,-0.0026755,0.0,0.0,-0.0026755,0.0,0.0,0.0,-0.0026755,0.0,-0.0010354375,0.0,0.0,0.0,-0.0010354375,-0.000733,0.0,-0.000733,-0.000733,-0.0047905,-0.00202925,0.002115,-0.0026755,-0.000733,0.00115075,-0.0010354375,0.0017095,0.00185575,0.00112275,0.00185575,-0.001998,0.0017095,0.0018245,-0.0028155,-0.00090425,0.00092025,0.0018245
2016-04,0.00109175,0.00109175,0.0006785,0.00109175,0.00220425,0.00075175,0.00109175,0.00109175,0.00109175,0.00109175,0.00109175,0.00109175,0.00109175,0.00109175,0.00109175,0.00109175,0.00220425,0.00220425,0.00220425,0.00220425,0.00220425,0.00220425,0.00220425,0.0,0.00220425,0.00220425,0.00109175,0.0,0.00109175,0.00109175,0.00109175,0.00109175,0.00109175,0.0,0.0,0.0,0.00109175,0.0,0.00220425,0.0,0.00220425,0.0,0.0,0.0,0.0027789375,0.0027789375,0.0027789375,0.0027789375,0.000692,-0.001742,0.00039975,0.00109175,0.0027789375,0.001167375,0.00220425,0.001192,0.001632375,0.0044113125,0.001632375,-0.0018816875,0.001352,0.0017720625,0.00075175,0.002578625,0.0043506875,0.0017720625
2016-05,0.000310125,0.000310125,0.00020675,0.000310125,-0.0001425625,0.0002829375,0.000310125,0.000310125,0.000310125,0.000310125,0.000310125,0.000310125,0.000310125,0.000310125,0.000310125,0.000310125,-0.0001425625,-0.0001425625,-0.0001425625,0.0,-0.0001425625,-0.0001425625,-0.0001425625,-0.0001425625,-0.0001425625,-0.0001425625,0.000310125,0.000310125,0.000310125,0.000310125,0.000310125,0.000310125,0.000310125,0.0,0.000310125,0.0,0.0,0.0,-0.0001425625,0.0,0.0,0.0,-0.0001425625,0.0,0.0002229375,0.0002229375,0.0002229375,0.0002229375,0.00033975,7.575e-05,-2.9625e-05,0.000310125,0.0002229375,-4.05e-05,-0.0001425625,3.975e-05,7.575e-05,0.0001243125,-9.8625e-05,7.5e-07,2.25e-06,7.5e-07,0.0002829375,0.00027075,0.000247125,-2.3625e-05
2016-06,0.0,0.0,0.0,0.0,0.0007114375,0.0,0.0,0.0,0.0,0.0,0.0,0.0,0.0,0.0,0.0,0.0,0.0007114375,0.0007114375,0.0007114375,0.0007114375,0.0,0.0007114375,0.0007114375,0.0,0.0007114375,0.0007114375,0.0,0.0,0.0,0.0,0.0,0.0,0.0,0.0,0.0,0.0,0.0,0.0,0.0007114375,0.0,0.0007114375,0.0,0.0,0.0,0.0,0.0,0.0,0.0,0.0,0.0,0.0,0.0,0.0,0.0,0.0007114375,-0.0,-0.0,0.0,-0.0,0.0,0.0,0.0,0.0,0.0,0.0,0.0
2016-07,0.0006615,0.0006615,0.000441,0.0006615,-0.0005514375,0.0006615,0.0006615,0.0006615,0.0006615,0.0,0.0006615,0.0006615,0.0006615,0.0006615,0.0,0.0006615,-0.0005514375,-0.0005514375,-0.0005514375,0.0,-0.0005514375,-0.0005514375,-0.0005514375,-0.0005514375,0.0,0.0,0.0006615,0.0,0.0,0.0006615,0.0006615,0.0006615,0.0006615,0.0,0.0,0.0,0.0006615,0.0,-0.0005514375,0.0,0.0,0.0,-0.0005514375,0.0,0.00068025,0.00068025,0.00068025,0.00068025,-0.000195,-6.975e-05,0.0008565,0.0006615,0.00068025,0.00026775,-0.0005514375,-0.0003075,-3.225e-05,0.000648,-3.225e-05,-1.35e-05,-0.000495,-8.85e-05,0.0006615,0.000624,0.0005355,-8.85e-05
2016-08,0.000123125,0.000123125,9.6375e-05,0.000123125,0.0,-3.3125e-05,0.000123125,0.000123125,0.000123125,0.000123125,0.000123125,0.000123125,0.000123125,0.000123125,0.000123125,0.000123125,-0.000640625,0.0,0.0,0.0,-0.000640625,0.0,0.0,0.0,0.0,0.0,0.000123125,0.0,0.000123125,0.000123125,0.000123125,0.000123125,0.0,0.000123125,0.0,0.0,0.0,0.000123125,-0.000640625,0.0,0.0,0.0,-0.000640625,0.0,1.125e-05,1.125e-05,1.125e-05,1.125e-05,0.000236,8.34375e-05,-0.000112875,0.000123125,1.125e-05,0.0002015625,-0.000640625,-0.000104,-0.0001403125,-0.0001290625,-0.0001403125,0.000131875,-5.4e-05,-0.00018875,-3.3125e-05,-0.0001934375,-0.0003821875,-0.00018875
2016-09,0.00019925,0.00019925,0.000165375,0.00019925,-2.325e-05,0.0002205,0.00019925,0.00019925,0.00019925,0.00019925,0.00019925,0.00019925,0.00019925,0.00019925,0.00019925,0.00019925,-2.325e-05,-2.325e-05,-2.325e-05,-2.325e-05,0.0,-2.325e-05,-2.325e-05,-2.325e-05,-2.325e-05,-2.325e-05,0.00019925,0.00019925,0.00019925,0.00019925,0.00019925,0.00019925,0.0,0.00019925,0.0,0.00019925,0.0,0.0,-2.325e-05,0.0,-2.325e-05,0.0,0.0,0.0,0.000237375,0.000237375,0.000237375,0.000237375,0.0001315,-4.575e-05,6.775e-05,0.00019925,0.000237375,0.00019675,-2.325e-05,-7.6e-05,-4.575e-05,0.000267875,3.05e-05,-4.2e-05,-7.85e-05,-4.2e-05,0.0002205,0.000254875,0.000281625,2.675e-05
2016-10,0.0,0.0,0.0,0.0,-4.9875e-05,0.0,0.0,0.0,0.0,0.0,0.0,0.0,0.0,0.0,0.0,0.0,-4.9875e-05,-4.9875e-05,-4.9875e-05,-4.9875e-05,-4.9875e-05,-4.9875e-05,-4.9875e-05,-4.9875e-05,-4.9875e-05,-4.9875e-05,0.0,0.0,0.0,0.0,0.0,0.0,0.0,0.0,0.0,0.0,0.0,0.0,-4.9875e-05,0.0,-4.9875e-05,0.0,0.0,0.0,0.0,0.0,0.0,0.0,0.0,0.0,0.0,0.0,0.0,0.0,-4.9875e-05,0.0,0.0,0.0,-0.0,0.0,0.0,0.0,0.0,0.0,0.0,0.0
2016-11,-0.0009875,0.0,-0.0007115,0.0,-0.004768,0.0,-0.0009875,0.0,0.0,0.0,0.0,0.0,0.0,0.0,0.0,0.0,-0.004768,-0.004768,-0.004768,0.0,-0.004768,-0.004768,-0.004768,-0.004768,-0.004768,-0.004768,-0.0009875,0.0,0.0,0.0,-0.0009875,0.0,-0.0009875,0.0,0.0,0.0,-0.0009875,0.0,-0.004768,0.0,0.0,0.0,-0.004768,0.0,-0.000473125,0.0,-0.000473125,-0.000473125,0.001806,-0.0006659375,-0.0027935,-0.0009875,-0.000473125,-0.0012734375,-0.004768,-0.0015265,0.0003628125,-0.0001103125,0.0003628125,0.0004953125,-0.00222525,-0.0007984375,-0.00039625,-0.001043125,-0.0018415625,-0.0007984375
2016-12,0.004707875,0.0,0.00311475,0.0,0.0,0.0,0.004707875,0.0,0.0,0.0,0.004707875,0.0,0.0,0.0,0.0,0.0,-0.00463875,0.0,0.0,0.0,0.0,0.0,0.0,0.0,0.0,0.0,0.004707875,0.0,0.0,0.0,0.004707875,0.0,0.0,0.004707875,0.0,0.0,0.0,0.004707875,-0.00463875,0.0,0.0,0.0,-0.00463875,0.0,0.00916725,0.0,0.00916725,0.00916725,0.0016445,-0.0046265,0.003063375,0.004707875,0.00916725,0.003289125,-0.00463875,0.003657,0.00429225,0.0134595,0.00429225,-0.004109625,0.0035995,0.003775375,0.004511,0.0084535,0.012228875,0.003775375
2017-01,0.0030965,0.0030965,0.001984,0.0030965,0.0,0.00302275,0.0030965,0.0030965,0.0030965,0.0,0.0030965,0.0,0.0030965,0.0030965,0.0030965,0.0,-0.000299875,0.0,0.0,0.0,0.0,0.0,0.0,0.0,0.0,0.0,0.0030965,0.0,0.0,0.0030965,0.0030965,0.0030965,0.0030965,0.0,0.0,0.0,0.0030965,0.0,-0.000299875,0.0,0.0,0.0,-0.000299875,0.0,0.00337775,0.00337775,0.00337775,0.00337775,0.0021065,-0.000361,0.00099,0.0030965,0.00337775,0.00058525,-0.000299875,-3.85e-05,0.0002015,0.00357925,0.0002015,-0.000651,0.0001265,0.0004915,0.00302275,0.003594,0.0040855,0.0004915
2017-02,-0.009413625,0.0,-0.006221,0.0,-0.00088825,0.0,-0.009413625,0.0,0.0,0.0,0.0,0.0,0.0,0.0,0.0,0.0,-0.00088825,-0.00088825,-0.00088825,0.0,-0.00088825,-0.00088825,-0.00088825,-0.00088825,0.0,0.0,-0.009413625,0.0,0.0,0.0,-0.009413625,0.0,0.0,-0.009413625,0.0,0.0,0.0,-0.009413625,0.0,-0.00088825,0.0,0.0,0.0,-0.00088825,0.00096075,0.0,0.00096075,0.00096075,-0.007227,-0.010538,-0.002186625,-0.009413625,0.00096075,0.00098075,-0.00088825,0.006688,0.01021075,0.0111715,0.01021075,-0.01058425,0.007128,0.010257,-0.010204875,0.00021575,0.01047275,0.010257
2017-03,0.00033425,0.00033425,0.00023875,0.00033425,0.0,0.000273,0.00033425,0.00033425,0.00033425,0.00033425,0.0,0.00033425,0.00033425,0.00033425,0.00033425,0.00033425,0.0075594375,0.0,0.0,0.0,0.0,0.0,0.0,0.0,0.0,0.0,0.00033425,0.00033425,0.00033425,0.00033425,0.00033425,0.00033425,0.00033425,0.0,0.00033425,0.0,0.0,0.0,0.0075594375,0.0,0.0,0.0,0.0075594375,0.0,0.000776125,0.000776125,0.000776125,0.000776125,0.00060025,-0.0004685625,-0.000266,0.00033425,0.000776125,-0.0003635625,0.0075594375,-0.000126,-0.0004685625,0.0011913125,0.0004151875,-0.00062825,-0.000231,-0.00062825,0.000273,0.0008745625,0.0014494375,0.000574875
2017-04,0.0024465,0.0024465,0.00167925,0.0024465,0.0,0.00236775,0.0024465,0.0024465,0.0024465,0.0024465,0.0,0.0,0.0024465,0.0024465,0.0024465,0.0024465,-0.003452,0.0,0.0,-0.003452,0.0,0.0,0.0,0.0,-0.003452,-0.003452,0.0024465,0.0024465,0.0024465,0.0,0.0024465,0.0024465,0.0,0.0024465,0.0,0.0024465,0.0,0.0,-0.003452,0.0,-0.003452,0.0,0.0,0.0,0.0012315,0.0012315,0.0012315,0.0012315,0.0018315,0.00113525,0.000615,0.0024465,0.0012315,-0.000841,-0.003452,0.0006765,0.00113525,-6.325e-05,-0.00129475,0.0009665,0.000539,0.0009665,0.00236775,0.0013215,0.0001955,-0.001126
2017-05,-0.000495625,-0.000495625,-0.000297375,-0.000495625,0.0,-0.00047375,-0.000495625,-0.000495625,-0.000495625,-0.000495625,-0.000495625,-0.000495625,-0.000495625,-0.000495625,-0.000495625,-0.000495625,0.007954875,0.0,0.0,0.0,0.0,0.0,0.0,0.0,0.0,0.0,-0.000495625,0.0,-0.000495625,-0.000495625,-0.000495625,-0.000495625,-0.000495625,0.0,0.0,0.0,-0.000495625,0.0,0.007954875,0.0,0.0,0.0,0.007954875,0.0,2.15625e-05,2.15625e-05,2.15625e-05,2.15625e-05,-0.00069625,-0.00053625,0.000200625,-0.000495625,2.15625e-05,4.5e-05,0.007954875,0.00045375,0.000498125,0.0005196875,0.000498125,-0.0004596875,0.00041625,0.0004215625,-0.00047375,-3.3125e-05,0.0003884375,0.0004215625
2017-06,-0.00122275,-0.00122275,-0.000928,-0.00122275,0.0,0.0,-0.00122275,-0.00122275,-0.00122275,-0.00122275,-0.00122275,0.0,-0.00122275,-0.00122275,-0.00122275,-0.00122275,0.000507375,0.0,0.0,0.0,0.0,0.0,0.0,0.0,0.0,0.0,-0.00122275,0.0,-0.00122275,-0.00122275,-0.00122275,-0.00122275,0.0,-0.00122275,0.0,0.0,0.0,-0.00122275,0.000507375,0.0,0.0,0.0,0.000507375,0.0,-0.0005186875,-0.0005186875,-0.0005186875,-0.0005186875,0.000639,-0.00074775,-0.00186175,-0.00122275,-0.0005186875,-0.0004130625,0.000507375,0.000219,0.000660375,0.0001416875,0.000660375,0.0,0.0,0.0,0.0,0.0,0.0,0.0
2017-07,0.00254725,0.00254725,0.0016935,0.0,0.0,0.0,0.00254725,0.0,0.00254725,0.0,0.0,0.0,0.0,0.00254725,0.0,0.0,-0.0014064375,0.0,0.0,0.0,0.0,0.0,0.0,0.0,0.0,0.0,0.00254725,0.0,0.0,0.0,0.00254725,0.00254725,0.0,0.00254725,0.0,0.0,0.0,0.00254725,-0.0014064375,0.0,0.0,0.0,-0.0014064375,0.0,0.002096,0.0,0.002096,0.002096,0.000259,0.00031225,0.00228825,0.00254725,0.002096,5.225e-05,-0.0014064375,0.0007215,-0.00059025,0.00150575,-0.00059025,4.75e-06,0.00086025,-0.00028275,0.00264975,0.002506,0.00222325,-0.00028275
2017-08,0.002238625,0.002238625,0.001486875,0.002238625,-0.0085875,0.002351125,0.002238625,0.002238625,0.002238625,0.002238625,0.002238625,0.002238625,0.0,0.002238625,0.002238625,0.002238625,-0.0085875,-0.0085875,0.0,-0.0085875,-0.0085875,0.0,0.0,-0.0085875,-0.0085875,-0.0085875,0.002238625,0.002238625,0.002238625,0.002238625,0.002238625,0.002238625,0.0,0.002238625,0.0,0.002238625,0.0,0.0,-0.0085875,0.0,-0.0085875,0.0,0.0,0.0,0.001482375,0.001482375,0.001482375,0.001482375,0.002355,0.000701125,-0.000116375,0.002238625,0.001482375,0.000773,-0.0085875,0.0002925,0.000701125,0.000671,-0.000811375,0.000969875,0.0005175,0.000969875,0.002351125,0.001326125,0.000246,-0.001080125
2017-09,-0.0071706875,-0.0071706875,-0.00477425,-0.0071706875,0.0,-0.0077035,-0.0071706875,-0.0071706875,-0.0071706875,0.0,-0.0071706875,0.0,0.0,-0.0071706875,0.0,0.0,-0.001219375,0.0,0.0,0.0,0.0,0.0,0.0,0.0,0.0,0.0,-0.0071706875,0.0,0.0,0.0,-0.0071706875,-0.0071706875,0.0,-0.0071706875,0.0,0.0,0.0,-0.0071706875,-0.001219375,0.0,0.0,0.0,-0.001219375,0.0,-0.0053881875,-0.0053881875,-0.0053881875,-0.0053881875,-0.004588,-0.0019006875,-0.0025826875,-0.0071706875,-0.0053881875,-0.0021235,-0.001219375,0.0015345,0.0016643125,-0.003723875,0.0016643125,-0.0018231875,0.001457,0.0015868125,-0.0077035,-0.0059985,-0.0044116875,0.0015868125
2017-10,-0.00186475,0.0,-0.00122875,0.0,0.0,0.0,-0.00186475,0.0,0.0,0.0,0.0,0.0,-0.00186475,0.0,0.0,0.0,-0.002938375,0.0,0.0,0.0,0.0,0.0,0.0,0.0,0.0,0.0,-0.00186475,0.0,0.0,0.0,-0.00186475,0.0,-0.00186475,0.0,0.0,0.0,-0.00186475,0.0,-0.002938375,0.0,0.0,0.0,-0.002938375,0.0,-0.001231625,0.0,-0.001231625,-0.001231625,-0.003984,-0.0008181875,0.00211925,-0.00186475,-0.001231625,-0.001647875,-0.002938375,0.000396,0.0004480625,-0.0007835625,0.0004480625,-0.0005388125,0.000576,0.0001686875,-0.00276475,-0.002411,-0.0022423125,0.0001686875
2017-11,-0.003479,-0.003479,-0.00226825,-0.003479,0.0,0.0,-0.003479,-0.003479,-0.003479,0.0,-0.003479,0.0,-0.003479,-0.003479,0.0,-0.003479,0.0003275,0.0,0.0,0.0,0.0,0.0,0.0,0.0,0.0,0.0,-0.003479,0.0,0.0,-0.003479,-0.003479,-0.003479,-0.003479,0.0,0.0,0.0,-0.003479,0.0,0.0,0.0003275,0.0,0.0,0.0,0.0003275,-0.004284,-0.004284,-0.004284,-0.004284,-0.0030345,0.000751625,-0.0004445,-0.003479,-0.004284,-0.002254,0.0003275,-0.0003045,-0.000858375,-0.005142375,-0.000858375,0.0,0.0,0.0,0.0,0.0,0.0,0.0
2017-12,-0.000397875,0.0,-0.00026525,0.0,0.0,0.0,-0.000397875,0.0,0.0,0.0,0.0,0.0,0.0,-0.000397875,0.0,0.0,0.000150375,0.0,0.0,0.0,0.0,0.0,0.0,0.0,0.000150375,0.0,-0.000397875,0.0,0.0,0.0,-0.000397875,0.0,-0.000397875,0.0,0.0,0.0,-0.000397875,0.0,0.0,0.000150375,0.0,0.000150375,0.0,0.0,0.00297525,0.0,0.00297525,0.00297525,-0.00099225,-0.00348225,0.000594375,-0.000397875,0.00297525,0.0018165,0.000150375,0.00224775,0.003264,0.00623925,0.003264,-0.003261,0.002214,0.00304275,-0.000411,0.002740875,0.005783625,0.00304275
2018-01,-0.0025564375,0.0,-0.001765625,0.0,0.0,0.0,-0.0025564375,0.0,0.0,0.0,0.0,0.0,0.0,0.0,0.0,0.0,-0.01648575,0.0,0.0,0.0,0.0,0.0,0.0,0.0,0.0,0.0,-0.0025564375,0.0,0.0,0.0,-0.0025564375,0.0,-0.0025564375,0.0,0.0,0.0,-0.0025564375,0.0,-0.01648575,0.0,0.0,0.0,-0.01648575,0.0,-0.00130425,0.0,-0.00130425,-0.00130425,0.004508,-0.0014555,-0.0070644375,-0.0025564375,-0.00130425,-0.0008658125,-0.01648575,-0.000882,0.001048875,-0.000255375,0.001048875,-0.001978625,-0.0012495,0.001572,-0.00341925,-0.0016439375,-7.19375e-05,0.001572
2018-02,-0.00147975,-0.00147975,-0.0009865,-0.00147975,0.0,-0.001341,-0.00147975,-0.00147975,-0.00147975,-0.00147975,-0.00147975,-0.00147975,0.0,-0.00147975,-0.00147975,-0.00147975,0.0089509375,0.0,0.0,0.0089509375,0.0,0.0,0.0,0.0,0.0089509375,0.0089509375,-0.00147975,-0.00147975,-0.00147975,0.0,-0.00147975,-0.00147975,-0.00147975,0.0,-0.00147975,0.0,0.0,0.0,0.0089509375,0.0,0.0089509375,0.0,0.0,0.0,-5.475e-05,-5.475e-05,-5.475e-05,-5.475e-05,-0.001008,-0.001447875,-0.00047175,-0.00147975,-5.475e-05,-0.001162875,0.0089509375,-0.001098,-0.001447875,0.001347375,0.001402125,-0.001537875,-0.0012255,-0.001537875,-0.001341,0.000174,0.001666125,0.001492125
2018-03,-0.0012823125,-0.0012823125,-0.0008004375,-0.0012823125,0.0,-0.00078575,-0.0012823125,-0.0012823125,-0.0012823125,-0.0012823125,0.0,-0.0012823125,0.0,-0.0012823125,-0.0012823125,-0.0012823125,0.0027861875,0.0,0.0,0.0,0.0,0.0027861875,0.0,0.0,0.0,0.0,-0.0012823125,-0.0012823125,-0.0012823125,0.0,-0.0012823125,-0.0012823125,-0.0012823125,0.0,-0.0012823125,0.0,0.0,0.0,0.0027861875,0.0,0.0,0.0,0.0027861875,0.0,0.0011851875,0.0011851875,0.0011851875,0.0011851875,-0.0008085,-0.0024941875,-0.0004738125,-0.0012823125,0.0011851875,0.00105175,0.0027861875,-0.00239225,-0.0024941875,0.003626,0.0024408125,-0.002391375,-0.0022785,-0.002391375,-0.00078575,0.0015789375,0.0039169375,0.002338
2018-04,-0.000502125,-0.000502125,-0.0003365,-0.000502125,0.0,-0.0005415,-0.000502125,-0.000502125,-0.000502125,0.0,-0.000502125,-0.000502125,-0.000502125,-0.000502125,0.0,-0.000502125,-0.00083575,0.0,0.0,0.0,0.0,-0.00083575,0.0,0.0,0.0,0.0,-0.000502125,0.0,0.0,-0.000502125,-0.000502125,-0.000502125,0.0,-0.000502125,0.0,0.0,0.0,-0.000502125,0.0,-0.00083575,0.0,0.0,0.0,-0.00083575,-0.000169625,-0.000169625,-0.000169625,-0.000169625,-0.0005205,-0.0003574375,1.8375e-05,-0.000502125,-0.000169625,0.0007975625,-0.00083575,0.000147,0.0003075625,0.0001379375,0.0003075625,-0.00023525,7.95e-05,0.000185375,-0.0005415,-0.0003311875,-0.0001458125,0.000185375
2018-05,0.000676375,0.0,0.000483625,0.0,0.0,0.0,0.000676375,0.0,0.0,0.0,0.0,0.0,0.0,0.000676375,0.0,0.0,0.0001975,0.0,0.0,0.0,0.0,0.0,0.0,0.0,0.0,0.0,0.0,0.0,0.0,0.0,0.0,0.0,0.000676375,0.0,0.0,0.0,0.000676375,0.0,0.0001975,0.0,0.0,0.0,0.0001975,0.0,0.00420575,0.0,0.00420575,0.00420575,-0.000561,-0.0035983125,0.001237375,0.000676375,0.00420575,0.00181325,0.0001975,0.0023715,0.0034604375,0.0076661875,0.0034604375,-0.0031101875,0.00218025,0.0029723125,0.0005660625,0.0036073125,0.006579625,0.0029723125
2018-06,-0.000356625,-0.000356625,-0.000238625,-0.000356625,0.0,-0.000344125,-0.000356625,-0.000356625,-0.000356625,0.0,0.0,0.0,-0.000356625,-0.000356625,0.0,0.0,0.0036153125,0.0,0.0,0.0,0.0,0.0,0.0,0.0,0.0,0.0,0.0,0.0,0.0,0.0,0.0,-0.000356625,0.0,-0.000356625,0.0,0.0,0.0,-0.000356625,0.0036153125,0.0,0.0,0.0,0.0036153125,0.0,0.0002605625,0.0002605625,0.0002605625,0.0002605625,-0.00040125,-0.0006785,4.4625e-05,-0.000356625,0.0002605625,-0.0002113125,0.0036153125,0.000405,0.000555875,0.0008164375,0.000555875,-0.0004644375,0.0002175,0.0003418125,-0.000344125,5.9e-05,0.0004008125,0.0003418125
2018-07,0.00260425,0.0,0.0018535,0.0,0.0,0.0,0.00260425,0.0,0.0,0.0,0.0,0.0,0.0,0.0,0.0,0.0,-0.0003165,0.0,0.0,0.0,0.0,0.0,0.0,0.0,0.0,0.0,0.0,0.0,0.0,0.0,0.0,0.0,0.00260425,0.0,0.0,0.0,0.00260425,0.0,-0.0003165,0.0,0.0,0.0,-0.0003165,0.0,0.002573,0.0,0.002573,0.002573,0.00437175,-9.16875e-05,-0.0017675,0.00260425,0.002573,-0.001952625,-0.0003165,-0.000957,-0.0001541875,0.0024188125,-0.0001541875,-7.325e-05,-0.00092075,-0.000172625,0.0036783125,0.003628625,0.003456,-0.000172625
2018-08,-0.0004385625,-0.0004385625,-0.0003033125,-0.0004385625,0.000291375,-0.000350125,-0.0004385625,-0.0004385625,-0.0004385625,0.0,-0.0004385625,0.0,-0.0004385625,-0.0004385625,0.0,-0.0004385625,0.000291375,0.000291375,0.0,0.000291375,0.000291375,0.0,0.000291375,0.0,0.000291375,0.000291375,0.0,0.0,0.0,0.0,0.0,-0.0004385625,-0.0004385625,0.0,0.0,0.0,-0.0004385625,0.0,0.000291375,0.0,0.000291375,0.0,0.0,0.0,-0.0001979375,-0.0001979375,-0.0001979375,-0.0001979375,-5.5e-06,-0.0002866875,-0.0004330625,-0.0004385625,-0.0001979375,9.6125e-05,0.000291375,-0.0002255,0.0001945625,-3.375e-06,0.0001945625,2.64375e-05,-0.0003355,-0.0001185625,-0.000350125,-0.000422625,-0.0005411875,-0.0001185625
2018-09,-0.000611375,0.0,-0.00039775,0.0,0.0,0.0,-0.000611375,0.0,0.0,0.0,0.0,0.0,0.0,0.0,0.0,0.0,0.0007674375,0.0,0.0,0.0007674375,0.0,0.0,0.0,0.0,0.0007674375,0.0007674375,0.0,0.0,0.0,0.0,0.0,0.0,-0.000611375,0.0,0.0,0.0,-0.000611375,0.0,0.0007674375,0.0,0.0007674375,0.0,0.0,0.0,0.0013664375,0.0,0.0013664375,0.0013664375,-0.00070325,-0.00210075,9.1875e-05,-0.000611375,0.0013664375,0.0001314375,0.0007674375,0.00154425,0.001854875,0.0032213125,0.001854875,-0.002537625,0.001653,0.00229175,-0.0005935625,0.001821125,0.004112875,0.00229175
2018-10,0.004064,0.0,0.00287625,0.0,0.0,0.0,0.004064,0.0,0.0,0.004064,0.0,0.0,0.0,0.0,0.004064,0.004064,0.00084375,0.0,0.0,0.00084375,0.0,0.0,0.0,0.00084375,0.00084375,0.00084375,0.004064,0.004064,0.004064,0.0,0.004064,0.0,0.004064,0.0,0.004064,0.0,0.0,0.0,0.00084375,0.0,0.00084375,0.0,0.0,0.0,0.00205025,0.0,0.00205025,0.00205025,0.004199,0.00194275,-0.000135,0.004064,0.00205025,0.00280525,0.00084375,0.00226525,0.00194275,-3.45e-05,-0.00208475,0.00176025,0.001989,0.00176025,0.00229025,0.000459,-0.00144325,-0.00190225
2018-11,0.004851,0.004851,0.003234,0.004851,0.0,0.004631625,0.004851,0.004851,0.004851,0.004851,0.004851,0.004851,0.0,0.004851,0.004851,0.004851,0.0023759375,0.0,0.0,0.0,0.0,0.0,0.0,0.0,0.0,0.0,0.004851,0.004851,0.004851,0.0,0.004851,0.004851,0.004851,0.0,0.004851,0.0,0.0,0.0,0.0023759375,0.0,0.0,0.0,0.0023759375,0.0,0.0035150625,0.0035150625,0.0035150625,0.0035150625,0.005418,0.001301625,-0.000567,0.004851,0.0035150625,0.000469125,0.0023759375,0.00144675,0.001301625,0.0021448125,-0.00137025,0.001301625,0.00144675,0.001301625,0.004631625,0.0032956875,0.0019254375,-0.00137025
2018-12,0.0160505625,0.0,0.010700375,0.0,0.0,0.0,0.0160505625,0.0,0.0,0.0160505625,0.0,0.0160505625,0.0,0.0,0.0160505625,0.0160505625,-0.0092468125,0.0,0.0,-0.0092468125,0.0,0.0,0.0,0.0,-0.0092468125,-0.0092468125,0.0160505625,0.0160505625,0.0160505625,0.0,0.0160505625,0.0,0.0160505625,0.0,0.0160505625,0.0,0.0,0.0,-0.0092468125,0.0,-0.0092468125,0.0,0.0,0.0,0.01580775,0.0,0.01580775,0.01580775,0.0177345,0.00016275,-0.0016839375,0.0160505625,0.01580775,0.001120875,-0.0092468125,0.000567,0.00016275,0.015484875,-0.000322875,0.0,0.0,0.0,0.0,0.0,0.0,0.0
2019-01,-0.00103,-0.00103,-0.0007721875,-0.00103,0.0,-0.00112875,-0.00103,-0.00103,-0.00103,0.0,-0.00103,-0.00103,-0.00103,0.0,0.0,-0.00103,-0.002402375,0.0,0.0,0.0,0.0,-0.002402375,0.0,0.0,0.0,0.0,-0.00103,0.0,0.0,-0.00103,-0.00103,-0.00103,0.0,-0.00103,0.0,0.0,0.0,-0.00103,-0.002402375,0.0,0.0,0.0,-0.002402375,0.0,-0.00061375,-0.00061375,-0.00061375,-0.00061375,-0.0014385,-0.000445,0.0004085,-0.00103,-0.00061375,-0.00042375,-0.002402375,-2.1e-05,0.0003875,-0.00022625,0.0003875,-0.0004175,-7.35e-05,0.00036,-0.00112875,-0.00074,-0.00038,0.00036
2019-02,-0.00148325,-0.00148325,-0.001017125,-0.00148325,0.0,-0.001482625,-0.00148325,-0.00148325,-0.00148325,0.0,-0.00148325,-0.00148325,-0.00148325,-0.00148325,0.0,-0.00148325,0.0,0.0,0.0,0.0,0.0,0.0,0.0,0.0,0.0,0.0,-0.00148325,0.0,0.0,-0.00148325,-0.00148325,-0.00148325,-0.00148325,0.0,0.0,0.0,-0.00148325,0.0,0.0,0.0,0.0,0.0,0.0,0.0,-0.000212625,-0.000212625,-0.000212625,-0.000212625,-0.0006345,-0.001307,-0.00084875,-0.00148325,-0.000212625,0.000206125,0.0,0.0008955,0.00123425,0.001021625,0.00123425,-0.00129325,0.0008505,0.0012205,-0.001482625,-0.00022575,0.00099475,0.0012205
2019-03,0.0011566875,0.0011566875,0.000771125,0.0011566875,0.0,0.0012354375,0.0011566875,0.0011566875,0.0011566875,0.0011566875,0.0,0.0011566875,0.0011566875,0.0011566875,0.0011566875,0.0011566875,0.000619,0.0,0.0,0.000619,0.000619,0.0,0.0,0.0,0.000619,0.000619,0.0011566875,0.0011566875,0.0011566875,0.0,0.0011566875,0.0011566875,0.0011566875,0.0,0.0011566875,0.0,0.0,0.0,0.0,0.000619,0.0,0.000619,0.0,0.0,0.000482625,0.000482625,0.000482625,0.000482625,0.00094725,0.000662625,0.0002094375,0.0011566875,0.000482625,0.0003241875,0.000619,0.000486,0.000662625,-0.000202875,-0.0006855,0.000688875,0.0004935,0.000688875,0.0012354375,0.000535125,-0.000176625,-0.00071175
2019-04,0.001085625,0.0,0.00072375,0.001085625,0.0,0.0007640625,0.001085625,0.001085625,0.001085625,0.0,0.0,0.0,0.001085625,0.001085625,0.0,0.0,-0.0019775,0.0,0.0,0.0,0.0,0.0,0.0,0.0,0.0,0.0,0.001085625,0.0,0.0,0.001085625,0.001085625,0.0,0.001085625,0.0,0.0,0.0,0.001085625,0.0,0.0,-0.0019775,0.0,0.0,0.0,-0.0019775,-0.0020475,-0.0020475,-0.0020475,-0.0020475,0.000999,0.0030178125,8.6625e-05,0.001085625,-0.0020475,-8.4375e-05,-0.0019775,-0.00348975,-0.0032484375,-0.0052959375,-0.0032484375,0.00256125,-0.00308475,-0.002791875,0.0007640625,-0.0019125,-0.004704375,-0.002791875
2019-05,-0.01166275,-0.01166275,-0.0077046875,-0.01166275,0.0,-0.01136275,-0.01166275,-0.01166275,-0.01166275,-0.01166275,0.0,-0.01166275,-0.01166275,-0.01166275,-0.01166275,-0.01166275,0.00414825,0.0,0.0,0.0,0.0,0.0,0.0,0.0,0.00414825,0.00414825,-0.01166275,-0.01166275,-0.01166275,-0.01166275,-0.01166275,-0.01166275,-0.01166275,0.0,-0.01166275,0.0,0.0,0.0,0.00414825,0.0,0.00414825,0.0,0.0,0.0,-0.01033025,-0.01033025,-0.01033025,-0.01033025,-0.007434,-0.00140525,-0.00422875,-0.01166275,-0.01033025,-0.0049615,0.00414825,-0.0003015,-0.00140525,-0.0090705,0.00125975,-0.00172525,-0.000684,-0.00172525,-0.01136275,-0.00971025,-0.0081305,0.00157975
2019-06,-0.0030124375,0.0,-0.0020173125,0.0,0.0,0.0,-0.0030124375,0.0,0.0,0.0,-0.0030124375,0.0,0.0,0.0,0.0,0.0,-0.00215475,0.0,0.0,0.0,0.0,0.0,0.0,0.0,0.0,0.0,-0.0030124375,0.0,0.0,-0.0030124375,-0.0030124375,0.0,-0.0030124375,0.0,0.0,0.0,-0.0030124375,0.0,-0.00215475,0.0,0.0,0.0,-0.00215475,0.0,0.0010319375,0.0,0.0010319375,0.0010319375,-0.0021735,-0.0041555625,-0.0008389375,-0.0030124375,0.0010319375,-0.0018030625,-0.00215475,0.00312525,0.0039331875,0.004965125,0.0039331875,-0.0035318125,0.002889,0.0033094375,-0.00283775,0.000582875,0.0038923125,0.0033094375
2019-07,0.009559125,0.0,0.0064168125,0.009559125,0.0,0.009006625,0.009559125,0.009559125,0.009559125,0.0,0.009559125,0.0,0.0,0.009559125,0.0,0.0,0.0059725,0.0,0.0,0.0,0.0,0.0,0.0,0.0,0.0,0.0,0.009559125,0.0,0.0,0.009559125,0.009559125,0.0,0.009559125,0.0,0.0,0.0,0.009559125,0.0,0.0059725,0.0,0.0,0.0,0.0059725,0.0,0.002941,0.002941,0.002941,0.002941,0.0059565,0.006526,0.003602625,0.009559125,0.002941,0.003411,0.0059725,-0.003366,-0.00671025,-0.00376925,-0.00671025,0.006156625,-0.0031185,-0.006340875,0.009006625,0.002757875,-0.003583,-0.006340875
2019-08,0.000299875,0.000299875,0.000247125,0.000299875,0.0,0.000863,0.000299875,0.000299875,0.000299875,0.000299875,0.000299875,0.000299875,0.000299875,0.000299875,0.000299875,0.000299875,-0.0040405,0.0,0.0,0.0,0.0,0.0,0.0,0.0,-0.0040405,-0.0040405,0.000299875,0.000299875,0.000299875,0.000299875,0.000299875,0.000299875,0.000299875,0.0,0.000299875,0.0,0.0,0.0,-0.0040405,0.0,-0.0040405,0.0,0.0,0.0,0.001549875,0.001549875,0.001549875,0.001549875,0.001008,-0.001286375,-0.000708125,0.000299875,0.001549875,-0.000220125,-0.0040405,-0.0008595,-0.001286375,0.0027635,0.001213625,-0.001242625,-0.000972,-0.001242625,0.000863,0.00206925,0.003239125,0.001169875
2019-09,0.0016685,0.0016685,0.00105875,0.0,0.0,0.0,0.0016685,0.0,0.0,0.0,0.0,0.0016685,0.0016685,0.0,0.0,0.0,-0.00074325,0.0,0.0,0.0,0.0,0.0,0.0,0.0,0.0,0.0,0.0016685,0.0,0.0,0.0,0.0016685,0.0016685,0.0,0.0016685,0.0,0.0,0.0,0.0016685,-0.00074325,0.0,0.0,0.0,-0.00074325,0.0,-0.00098525,0.0,-0.00098525,-0.00098525,0.00176825,0.00260975,-9.975e-05,0.0016685,-0.00098525,-0.000949,-0.00074325,-0.0022605,-0.00269775,-0.003683,-0.00269775,0.00250975,-0.002123,-0.00259775,0.00148225,-0.0010715,-0.00366925,-0.00259775
2019-10,-0.0006815,-0.0006815,-0.000294375,-0.0006815,0.0,-0.000579,-0.0006815,-0.0006815,-0.0006815,0.0,-0.0006815,-0.0006815,-0.0006815,-0.0006815,0.0,-0.0006815,0.0,0.0,0.0,0.0,0.0,0.0,0.0,0.0,0.0,0.0,-0.0006815,0.0,0.0,0.0,-0.0006815,-0.0006815,0.0,-0.0006815,0.0,0.0,0.0,-0.0006815,0.0,0.0,0.0,0.0,0.0,0.0,-1.9e-05,-1.9e-05,-1.9e-05,-1.9e-05,-0.000867,-0.00067775,0.0001855,-0.0006815,-1.9e-05,0.00054975,0.0,0.000543,0.00064725,0.00062825,0.00064725,-0.00068275,0.000573,0.00065225,-0.000579,8.85e-05,0.00074075,0.00065225
2019-11,-0.001646125,-0.001646125,-0.0011075625,0.0,0.0,0.0,-0.001646125,0.0,0.0,0.0,0.0,0.0,0.0,0.0,0.0,0.0,-0.0013304375,0.0,0.0,0.0,0.0,0.0,0.0,0.0,0.0,0.0,-0.001646125,0.0,0.0,0.0,0.0,-0.001646125,0.0,-0.001646125,0.0,0.0,0.0,-0.001646125,-0.0013304375,0.0,0.0,0.0,-0.0013304375,0.0,-0.00345175,0.0,-0.00345175,-0.00345175,-0.0002945,0.001727,-0.001351625,-0.001646125,-0.00345175,0.000596375,-0.0013304375,-0.00283575,-0.00188425,-0.005336,-0.00188425,0.0,0.0,0.0,0.0,0.0,0.0,0.0
2019-12,-0.0027399375,0.0,-0.001826625,-0.0027399375,-0.0003735,0.0,-0.0027399375,-0.0027399375,-0.0027399375,0.0,-0.0027399375,0.0,-0.0027399375,-0.0027399375,0.0,0.0,-0.0003735,-0.0003735,0.0,0.0,0.0,0.0,-0.0003735,0.0,0.0,0.0,-0.0027399375,0.0,0.0,-0.0027399375,-0.0027399375,0.0,-0.0027399375,0.0,0.0,0.0,-0.0027399375,0.0,-0.0003735,0.0,0.0,0.0,-0.0003735,0.0,-0.000348375,-0.000348375,-0.000348375,-0.000348375,-0.003528,-0.002484,0.0007880625,-0.0027399375,-0.000348375,-0.00117525,-0.0003735,0.00290325,0.002299125,0.00195075,0.002299125,0.0,0.0,0.0,0.0,0.0,0.0,0.0
2020-01,0.0001715,0.0001715,0.0001365625,0.0001715,0.0,0.00020275,0.0001715,0.0001715,0.0001715,0.0,0.0001715,0.0,0.0,0.0001715,0.0,0.0,-0.0003075625,0.0,0.0,0.0,0.0,0.0,0.0,0.0,0.0,0.0,0.0001715,0.0,0.0,0.0,0.0,0.0001715,0.0,0.0001715,0.0,0.0,0.0,0.0001715,-0.0003075625,0.0,0.0,0.0,-0.0003075625,0.0,0.00052525,0.00052525,0.00052525,0.00052525,-9.525e-05,-0.00036725,0.00026675,0.0001715,0.00052525,0.00111025,-0.0003075625,0.00031725,0.00034025,0.0008655,0.00034025,-0.00037475,0.00028725,0.00034775,0.00020275,0.000564,0.00091175,0.00034775
2020-02,0.013443375,0.013443375,0.00896225,0.0,0.0,0.0,0.013443375,0.0,0.0,0.0,0.0,0.0,0.0,0.0,0.0,0.0,-0.0016994375,0.0,0.0,0.0,0.0,0.0,0.0,0.0,0.0,0.0,0.013443375,0.0,0.0,0.0,0.0,0.013443375,0.0,0.013443375,0.0,0.0,0.0,0.013443375,-0.0016994375,0.0,0.0,0.0,-0.0016994375,0.0,0.0197443125,0.0,0.0197443125,0.0197443125,0.009654,-0.006352875,0.003789375,0.013443375,0.0197443125,0.0117999375,-0.0016994375,0.006819,0.006249,0.0259933125,0.006249,-0.009484125,0.008919,0.00938025,0.0112018125,0.020634,0.03001425,0.00938025
2020-03,-0.0006225,-0.0006225,-0.00052575,-0.0006225,0.0,-0.000411875,-0.0006225,-0.0006225,-0.0006225,-0.0006225,-0.0006225,-0.0006225,-0.0006225,-0.0006225,-0.0006225,-0.0006225,-0.00051775,0.0,0.0,-0.00051775,0.0,0.0,0.0,0.0,-0.00051775,-0.00051775,-0.0006225,-0.0006225,-0.0006225,-0.0006225,-0.0006225,-0.0006225,0.0,-0.0006225,0.0,-0.0006225,0.0,0.0,-0.00051775,0.0,-0.00051775,0.0,0.0,0.0,0.001263125,0.001263125,0.001263125,0.001263125,-0.00029025,-0.001895,-0.00033225,-0.0006225,0.001263125,-0.00060375,-0.00051775,-0.0018315,-0.001895,0.003139375,0.00187625,-0.001743125,-0.00170775,-0.001743125,-0.000411875,0.001321875,0.00304625,0.001724375
2020-04,2.3e-05,2.3e-05,1.15e-05,2.3e-05,0.0,2.8e-05,2.3e-05,2.3e-05,2.3e-05,2.3e-05,2.3e-05,2.3e-05,2.3e-05,2.3e-05,0.0,2.3e-05,-0.000273875,0.0,0.0,0.0,0.0,0.0,0.0,0.0,0.0,0.0,2.3e-05,0.0,0.0,0.0,2.3e-05,2.3e-05,0.0,2.3e-05,0.0,0.0,0.0,2.3e-05,-0.000273875,0.0,0.0,0.0,-0.000273875,0.0,-0.000747,-0.000747,-0.000747,-0.000747,7.4e-05,0.000762375,-5.1e-05,2.3e-05,-0.000747,0.000396125,-0.000273875,-0.000811,-0.000777625,-0.001524625,-0.000777625,0.00089675,-0.0008985,-0.000912,2.8e-05,-0.000876375,-0.001788375,-0.000912
2020-05,-0.0004963125,-0.0004963125,0.0,-0.0004963125,0.0,-0.000516,-0.0004963125,-0.0004963125,-0.0004963125,-0.0004963125,-0.0004963125,-0.0004963125,-0.0004963125,-0.0004963125,-0.0004963125,-0.0004963125,-0.0001331875,0.0,0.0,0.0,0.0,0.0,0.0,0.0,0.0,0.0,-0.0004963125,0.0,0.0,0.0,-0.0004963125,-0.0004963125,0.0,-0.0004963125,0.0,0.0,0.0,-0.0004963125,-0.0001331875,0.0,0.0,0.0,-0.0001331875,0.0,-0.000431625,-0.000431625,-0.000431625,-0.000431625,-0.00050675,-6.85e-05,1.04375e-05,-0.0004963125,-0.000431625,1.68125e-05,-0.0001331875,5.825e-05,6.0875e-05,-0.00037075,6.0875e-05,-5.6e-05,4.575e-05,4.8375e-05,-0.000516,-0.0004638125,-0.0004154375,4.8375e-05
2020-06,-0.00052625,-0.00052625,-0.00026025,-0.00052625,0.0,-0.0006290625,-0.00052625,-0.00052625,-0.00052625,0.0,0.0,-0.00052625,-0.00052625,-0.00052625,0.0,0.0,-0.0031405625,0.0,0.0,0.0,-0.0031405625,0.0,0.0,0.0,0.0,0.0,-0.00052625,0.0,0.0,0.0,-0.00052625,-0.00052625,-0.00052625,0.0,0.0,0.0,-0.00052625,0.0,0.0,-0.0031405625,0.0,0.0,0.0,-0.0031405625,0.00013875,0.00013875,0.00013875,0.00013875,-0.0005435,-0.0006746875,1.725e-05,-0.00052625,0.00013875,-0.000384375,-0.0031405625,0.000549,0.0006553125,0.0007940625,0.0006553125,-0.000785,0.000664,0.0007609375,-0.0006290625,0.00014625,0.0009071875,0.0007609375
2020-07,-0.0016225,-0.0016225,-0.0011909375,-0.0016225,0.0,-0.00157875,-0.0016225,-0.0016225,-0.0016225,-0.0016225,-0.0016225,-0.0016225,-0.0016225,-0.0016225,0.0,-0.0016225,-0.0016659375,0.0,0.0,0.0,0.0,0.0,0.0,0.0,0.0,0.0,-0.0016225,0.0,0.0,-0.0016225,-0.0016225,-0.0016225,0.0,-0.0016225,0.0,0.0,0.0,-0.0016225,0.0,-0.0016659375,0.0,0.0,0.0,-0.0016659375,-0.000635,-0.000635,-0.000635,-0.000635,-0.001981,-0.00101625,0.0003585,-0.0016225,-0.000635,-0.000495,-0.0016659375,0.00086275,0.00095875,0.00032375,0.00095875,-0.0011425,0.001064,0.001085,-0.00157875,-0.000465,0.00062,0.001085
2020-08,-0.007028,-0.007028,-0.0046935,-0.007028,0.0,-0.006803,-0.007028,-0.007028,-0.007028,0.0,0.0,-0.007028,-0.007028,-0.007028,0.0,-0.007028,4.525e-05,0.0,0.0,0.0,0.0,0.0,0.0,0.0,0.0,0.0,-0.007028,0.0,0.0,-0.007028,-0.007028,-0.007028,-0.007028,0.0,0.0,0.0,-0.007028,0.0,4.525e-05,0.0,0.0,0.0,4.525e-05,0.0,-0.00493925,-0.00493925,-0.00493925,-0.00493925,-0.0075915,-0.0021676875,0.0005635,-0.007028,-0.00493925,0.0007754375,4.525e-05,0.0024885,0.0020098125,-0.0029294375,0.0020098125,-0.0008764375,0.001341,0.0007185625,-0.006803,-0.0060055,-0.0052869375,0.0007185625
2020-09,0.009075,0.0,0.0058346875,0.0,0.0,0.0,0.009075,0.0,0.009075,0.009075,0.009075,0.009075,0.0,0.009075,0.009075,0.009075,-0.0001873125,0.0,0.0,-0.0001873125,0.0,0.0,0.0,0.0,-0.0001873125,-0.0001873125,0.009075,0.009075,0.009075,0.009075,0.009075,0.0,0.009075,0.0,0.009075,0.0,0.0,0.0,-0.0001873125,0.0,-0.0001873125,0.0,0.0,0.0,0.0079975,0.0,0.0079975,0.0079975,0.009058,0.00102,1.7e-05,0.009075,0.0079975,0.00162,-0.0001873125,0.001078,0.00102,0.0068625,-0.001135,0.0004825,0.0006405,0.0004825,0.0093475,0.0088075,0.00821,-0.0005975
2020-10,0.003732,0.003732,0.002488,0.003732,0.0,0.0039795,0.003732,0.003732,0.003732,0.0,0.003732,0.003732,0.0,0.003732,0.0,0.0,0.0038046875,0.0,0.0,0.0,0.0,0.0,0.0,0.0,0.0,0.0,0.003732,0.0,0.0,0.0,0.003732,0.003732,0.003732,0.0,0.0,0.0,0.003732,0.0,0.0038046875,0.0,0.0,0.0,0.0038046875,0.0,0.005247,0.005247,0.005247,0.005247,0.00416925,-0.0015555,-0.00043725,0.003732,0.005247,0.001422,0.0038046875,0.001593,0.0014745,0.0067215,0.0014745,-0.00158175,0.001638,0.00150075,0.0039795,0.00552075,0.0070215,0.00150075
2020-11,-0.00732325,-0.00732325,-0.004899,0.0,0.0,0.0,-0.00732325,0.0,0.0,0.0,0.0,-0.00732325,0.0,0.0,0.0,0.0,-0.00328,0.0,0.0,0.0,0.0,0.0,0.0,0.0,0.0,0.0,-0.00732325,0.0,0.0,-0.00732325,-0.00732325,-0.00732325,0.0,-0.00732325,0.0,0.0,0.0,-0.00732325,-0.00328,0.0,0.0,0.0,-0.00328,0.0,-0.0031341875,0.0,-0.0031341875,-0.0031341875,-0.00636375,-0.0042545,-0.0009595,-0.00732325,-0.0031341875,0.000898625,-0.00328,0.0027675,0.004123625,0.0009894375,0.004123625,-0.0045248125,0.00342375,0.0043939375,-0.0072545,-0.002795125,0.0015988125,0.0043939375
2020-12,0.000313375,0.000313375,0.0002205625,0.000313375,0.0,0.0,0.000313375,0.000313375,0.000313375,0.0,0.0,0.000313375,0.0,0.000313375,0.0,0.0,-0.0015825625,0.0,0.0,0.0,-0.0015825625,0.0,0.0,0.0,0.0,0.0,0.000313375,0.0,0.0,0.0,0.000313375,0.000313375,0.0,0.000313375,0.0,0.0,0.0,0.000313375,0.0,-0.0015825625,0.0,0.0,0.0,-0.0015825625,-0.001711,-0.001711,-0.001711,-0.001711,8.4e-05,0.0019915,0.000229375,0.000313375,-0.001711,-0.000781,-0.0015825625,-0.00198975,-0.00205725,-0.00376825,-0.00205725,0.0,0.0,0.0,0.0,0.0,0.0,0.0
2021-01,0.0045901875,0.0045901875,0.0030670625,0.0045901875,0.0,0.0043733125,0.0045901875,0.0045901875,0.0045901875,0.0,0.0045901875,0.0045901875,0.0,0.0045901875,0.0,0.0,0.00117525,0.0,0.0,0.0,0.0,0.0,0.0,0.0,0.0,0.0,0.0045901875,0.0,0.0,0.0045901875,0.0045901875,0.0045901875,0.0045901875,0.0,0.0,0.0,0.0045901875,0.0,0.00117525,0.0,0.0,0.0,0.00117525,0.0,0.0079545625,0.0079545625,0.0079545625,0.0079545625,0.004944,-0.0034204375,-0.0003538125,0.0045901875,0.0079545625,0.0040120625,0.00117525,0.003609,0.0033083125,0.011262875,0.0033083125,-0.0033154375,0.003504,0.0032033125,0.0043733125,0.0076326875,0.010836,0.0032033125
2021-02,-0.00646675,0.0,-0.0042685,0.0,0.0,0.0,-0.00646675,0.0,0.0,0.0,0.0,0.0,0.0,0.0,0.0,0.0,-0.004319375,0.0,0.0,0.0,0.0,0.0,0.0,0.0,0.0,0.0,-0.00646675,0.0,0.0,-0.00646675,-0.00646675,0.0,0.0,-0.00646675,0.0,0.0,0.0,-0.00646675,-0.004319375,0.0,0.0,0.0,-0.004319375,0.0,0.002278875,0.0,0.002278875,0.002278875,-0.002944,-0.0088539375,-0.00352275,-0.00646675,0.002278875,0.002512,-0.004319375,0.01025225,0.0086373125,0.0109161875,0.0086373125,-0.0080908125,0.00835475,0.0078741875,-0.0056220625,0.0023604375,0.010234625,0.0078741875
2021-03,-0.00528125,-0.00528125,-0.00333775,-0.00528125,0.0,-0.00510875,-0.00528125,-0.00528125,-0.00528125,0.0,0.0,-0.00528125,0.0,-0.00528125,0.0,0.0,0.00086275,0.0,0.0,0.0,0.0,0.0,0.0,0.0,0.0,0.0,-0.00528125,0.0,0.0,0.0,-0.00528125,-0.00528125,0.0,-0.00528125,0.0,0.0,0.0,-0.00528125,0.00086275,0.0,0.0,0.0,0.00086275,0.0,-0.0041625,-0.0041625,-0.0041625,-0.0041625,-0.004394,-0.0011575,-0.00088725,-0.00528125,-0.0041625,-0.00112875,0.00086275,0.001686,0.00108,-0.0030825,0.00108,-0.00109875,0.001496,0.00102125,-0.00510875,-0.00404875,-0.0030275,0.00102125
2021-04,-0.00060375,-0.00060375,-0.0003915,-0.00060375,0.0,-0.0005665625,-0.00060375,-0.00060375,-0.00060375,0.0,-0.00060375,-0.00060375,0.0,-0.00060375,0.0,0.0,0.001631375,0.0,0.0,0.0,0.0,0.0,0.0,0.0,0.0,0.0,-0.00060375,0.0,0.0,-0.00060375,-0.00060375,-0.00060375,-0.00060375,0.0,0.0,0.0,-0.00060375,0.0,0.001631375,0.0,0.0,0.0,0.001631375,0.0,-0.0004396875,-0.0004396875,-0.0004396875,-0.0004396875,-0.000462,-0.000231875,-0.00014175,-0.00060375,-0.0004396875,0.002060625,0.001631375,0.000763,9.625e-05,-0.0003434375,9.625e-05,-0.00042875,0.000763,0.000293125,-0.0005665625,-0.000205625,8.75e-05,0.000293125
2021-05,2.44375e-05,2.44375e-05,1.075e-05,2.44375e-05,0.0,5.375e-06,2.44375e-05,2.44375e-05,2.44375e-05,2.44375e-05,2.44375e-05,2.44375e-05,0.0,2.44375e-05,2.44375e-05,0.0,-0.0002234375,0.0,0.0,-0.0002234375,0.0,0.0,-0.0002234375,0.0,-0.0002234375,-0.0002234375,2.44375e-05,2.44375e-05,2.44375e-05,0.0,0.0,2.44375e-05,0.0,2.44375e-05,0.0,2.44375e-05,0.0,0.0,0.0,-0.0002234375,0.0,-0.0002234375,0.0,0.0,1.4125e-05,1.4125e-05,1.4125e-05,1.4125e-05,6.6e-05,-5.25e-06,-4.15625e-05,2.44375e-05,1.4125e-05,-4.11875e-05,-0.0002234375,-6.525e-05,-5.25e-06,-1.175e-05,-2.5875e-05,-7.0875e-05,-8.4e-05,-7.0875e-05,5.375e-06,6.06875e-05,0.0001004375,3.975e-05
2021-06,-0.0007899375,-0.0007899375,-0.00052175,-0.0007899375,0.0,-0.0007249375,-0.0007899375,-0.0007899375,-0.0007899375,-0.0007899375,-0.0007899375,-0.0007899375,0.0,-0.0007899375,-0.0007899375,0.0,0.0003580625,0.0,0.0,0.0,0.0,0.0,0.0,0.0,0.0,0.0,-0.0007899375,0.0,-0.0007899375,0.0,-0.0007899375,-0.0007899375,-0.0007899375,0.0,0.0,0.0,-0.0007899375,0.0,0.0,0.0003580625,0.0,0.0,0.0,0.0003580625,-0.000339,-0.000339,-0.000339,-0.000339,-0.0008265,-0.0004665,3.65625e-05,-0.0007899375,-0.000339,4.125e-06,0.0003580625,0.0003285,0.000435375,9.6375e-05,0.000435375,-0.0003436875,0.000276,0.0003125625,-0.0007249375,-0.0003968125,-8.425e-05,0.0003125625
2021-07,0.00114875,0.00114875,0.000652,0.00114875,0.0,0.0011825,0.00114875,0.00114875,0.00114875,0.0,0.00114875,0.00114875,0.0,0.00114875,0.0,0.0,0.0045433125,0.0,0.0,0.0,0.0,0.0,0.0,0.0,0.0,0.0,0.00114875,0.0,0.00114875,0.00114875,0.00114875,0.00114875,0.00114875,0.0,0.0,0.0,0.00114875,0.0,0.0045433125,0.0,0.0,0.0,0.0045433125,0.0,0.000625625,0.000625625,0.000625625,0.000625625,0.000683,0.00050375,0.00046575,0.00114875,0.000625625,0.00056625,0.0045433125,-0.000202,-0.0005425,8.3125e-05,-0.0005425,0.000428125,-0.000192,-0.000466875,0.0011825,0.000735,0.000268125,-0.000466875
2021-08,-0.0008403125,-0.0008403125,-0.0004996875,-0.0008403125,0.0,-0.0005109375,-0.0008403125,-0.0008403125,-0.0008403125,0.0,-0.0008403125,-0.0008403125,-0.0008403125,-0.0008403125,-0.0008403125,-0.0008403125,0.004433625,0.0,0.0,0.0,0.0,0.0,0.0,0.0,0.0,0.0,-0.0008403125,0.0,-0.0008403125,-0.0008403125,-0.0008403125,-0.0008403125,-0.0008403125,0.0,0.0,0.0,-0.0008403125,0.0,0.004433625,0.0,0.0,0.0,0.004433625,0.0,-0.0007990625,-0.0007990625,-0.0007990625,-0.0007990625,-0.001573,-9.96875e-05,0.0007326875,-0.0008403125,-0.0007990625,5.4375e-05,0.004433625,2.2e-05,-1.71875e-05,-0.00081625,-1.71875e-05,0.000328125,-0.000198,-0.000445,-0.0005109375,-0.0008975,-0.0013425,-0.000445
2021-09,-0.001606,-0.001606,-0.0010765625,0.0,0.0,0.0,-0.001606,0.0,0.0,-0.001606,0.0,0.0,0.0,0.0,-0.001606,-0.001606,-0.0072316875,0.0,0.0,-0.0072316875,0.0,0.0,0.0,0.0,-0.0072316875,-0.0072316875,-0.001606,-0.001606,-0.001606,0.0,0.0,-0.001606,0.0,-0.001606,0.0,-0.001606,0.0,0.0,-0.0072316875,0.0,-0.0072316875,0.0,0.0,0.0,-0.002071,0.0,-0.002071,-0.002071,-0.00153525,0.0004515,-7.075e-05,-0.001606,-0.002071,-0.00084975,-0.0072316875,0.00068475,0.0004515,-0.0025495,-0.0004785,0.00038275,0.00057225,0.00038275,-0.00161225,-0.0020085,-0.00241825,-0.00040975
2021-10,-0.0045540625,0.0,-0.0029583125,0.0,0.0,0.0,-0.0045540625,0.0,0.0,0.0,0.0,0.0,0.0,0.0,0.0,0.0,-0.007612375,0.0,0.0,0.0,0.0,0.0,0.0,0.0,0.0,0.0,-0.0045540625,0.0,0.0,-0.0045540625,-0.0045540625,0.0,-0.0045540625,0.0,0.0,0.0,-0.0045540625,0.0,-0.007612375,0.0,0.0,0.0,-0.007612375,0.0,-0.003515,0.0,-0.003515,-0.003515,-0.00481,-0.00114625,0.0002559375,-0.0045540625,-0.003515,-0.00122125,-0.007612375,0.00084,0.000931875,-0.002583125,0.000931875,-0.0004025,0.000315,0.000188125,-0.00434,-0.0040446875,-0.0038565625,0.000188125
2021-11,0.0176,0.0,0.0113695,0.0,0.0,0.0,0.0176,0.0,0.0,0.0,0.0176,0.0,0.0,0.0176,0.0,0.0,-0.001639875,0.0,0.0,0.0,0.0,0.0,-0.001639875,0.0,0.0,0.0,0.0176,0.0,0.0,0.0,0.0176,0.0,0.0176,0.0,0.0,0.0,0.0176,0.0,0.0,-0.001639875,0.0,0.0,0.0,-0.001639875,0.013273125,0.0,0.013273125,0.013273125,0.0125755,0.00424875,0.0050245,0.0176,0.013273125,0.007235625,-0.001639875,-0.004067,-0.004405,0.008868125,-0.004405,0.00446875,-0.003962,-0.004625,0.01760875,0.013061875,0.008436875,-0.004625
2021-12,-0.0009985,-0.0009985,-0.0006343125,-0.0009985,0.0,-0.000971,-0.0009985,-0.0009985,-0.0009985,-0.0009985,-0.0009985,-0.0009985,-0.0009985,-0.0009985,-0.0009985,0.0,0.00336975,0.0,0.0,0.0,0.0,0.0,0.0,0.0,0.0,0.0,-0.0009985,0.0,-0.0009985,-0.0009985,-0.0009985,-0.0009985,-0.0009985,0.0,0.0,0.0,-0.0009985,0.0,0.00336975,0.0,0.0,0.0,0.00336975,0.0,0.0003765,0.0003765,0.0003765,0.0003765,-8.2e-05,-0.0013985,-0.0009165,-0.0009985,0.0003765,0.0003015,0.00336975,0.000543,0.0013515,0.001728,0.0013515,-0.0012385,0.000458,0.0011915,-0.000971,0.000244,0.0014355,0.0011915
2022-01,0.0106465625,0.0106465625,0.0067959375,0.0106465625,0.0,0.0108340625,0.0106465625,0.0106465625,0.0106465625,0.0106465625,0.0106465625,0.0106465625,0.0106465625,0.0106465625,0.0106465625,0.0106465625,-0.0008356875,0.0,0.0,-0.0008356875,0.0,0.0,0.0,0.0,0.0,-0.0008356875,0.0106465625,0.0106465625,0.0106465625,0.0106465625,0.0106465625,0.0106465625,0.0106465625,0.0,0.0106465625,0.0,0.0,0.0,-0.0008356875,0.0,-0.0008356875,0.0,0.0,0.0,0.0087771875,0.0087771875,0.0087771875,0.0087771875,0.01021075,0.0018109375,0.0004358125,0.0106465625,0.0087771875,0.004366875,-0.0008356875,0.001672,0.0018109375,0.006849375,-0.0019278125,0.00212,0.001892,0.00212,0.0108340625,0.008655625,0.00641875,-0.002236875
2022-02,-0.001348875,-0.001348875,-0.00089925,-0.001348875,0.0,-0.001097625,-0.001348875,-0.001348875,-0.001348875,-0.001348875,-0.001348875,-0.001348875,-0.001348875,-0.001348875,-0.001348875,-0.001348875,0.0001518125,0.0,0.0,0.0,0.0,0.0,0.0,0.0,0.0,0.0,-0.001348875,-0.001348875,-0.001348875,-0.001348875,-0.001348875,-0.001348875,-0.001348875,0.0,-0.001348875,0.0,0.0,0.0,0.0,0.0001518125,0.0,0.0,0.0,0.0001518125,0.000393,0.000393,0.000393,0.000393,5.1e-05,-0.0017595,-0.001399875,-0.001348875,0.000393,-0.000957,0.0001518125,-0.000969,-0.0017595,0.00211725,0.00172425,-0.00168825,-0.0009915,-0.00168825,-0.001097625,0.000573,0.002226,0.001653
2022-03,0.000589375,0.000589375,0.0004048125,0.000589375,0.0,0.000155,0.000589375,0.000589375,0.000589375,0.0,0.000589375,0.000589375,0.000589375,0.000589375,0.000589375,0.0,0.0051281875,0.0,0.0,0.0,0.0051281875,0.0,0.0,0.0,0.0,0.0051281875,0.000589375,0.0,0.0,0.000589375,0.000589375,0.000589375,0.000589375,0.0,0.0,0.0,0.000589375,0.0,0.0,0.0051281875,0.0,0.0051281875,0.0,0.0,0.0014425,0.0014425,0.0014425,0.0014425,-7.75e-05,-0.0008825,0.000666875,0.000589375,0.0014425,0.001851875,0.0051281875,0.00020375,0.00082375,0.00226625,0.00082375,-0.000760625,0.00016,0.000701875,0.000155,0.00088625,0.001588125,0.000701875
2022-04,-0.0013845,-0.0013845,-0.000923,-0.0013845,0.0,-0.001401375,-0.0013845,-0.0013845,-0.0013845,-0.0013845,-0.0013845,-0.0013845,-0.0013845,-0.0013845,-0.0013845,-0.0013845,-0.000836625,0.0,0.0,0.0,0.0,0.0,-0.000836625,0.0,0.0,0.0,-0.0013845,-0.0013845,-0.0013845,-0.0013845,-0.0013845,-0.0013845,-0.0013845,0.0,-0.0013845,0.0,0.0,0.0,0.0,-0.000836625,0.0,0.0,0.0,-0.000836625,-0.0022245,-0.0022245,-0.0022245,-0.0022245,-0.0021315,0.000822375,0.000747,-0.0013845,-0.0022245,-0.00223575,-0.000836625,0.00034725,0.000822375,-0.003082125,-0.000857625,0.000798,0.0003885,0.000798,-0.001401375,-0.002217,-0.00305025,-0.00083325
2022-05,0.002117,0.002117,0.001983125,0.002117,0.0,0.00216075,0.002117,0.002117,0.002117,0.002117,0.002117,0.002117,0.0,0.002117,0.002117,0.002117,-0.000214,0.0,0.0,-0.000214,0.0,0.0,0.0,0.0,-0.000214,-0.000214,0.002117,0.002117,0.002117,0.0,0.002117,0.002117,0.0,0.002117,0.0,0.002117,0.0,0.0,-0.000214,0.0,-0.000214,0.0,0.0,0.0,0.0021145,0.0021145,0.0021145,0.0021145,0.0015815,-9.25e-06,0.0005355,0.002117,0.0021145,1.825e-05,-0.000214,-0.000326,-9.25e-06,0.00210025,-1.425e-05,-2.675e-05,-0.000281,-2.675e-05,0.00216075,0.00217325,0.0021715,-1.75e-06
2022-06,-0.00378775,-0.00378775,-0.00250575,0.0,0.0,0.0,-0.00378775,0.0,-0.00378775,-0.00378775,0.0,-0.00378775,0.0,0.0,-0.00378775,0.0,-0.0020696875,0.0,0.0,-0.0020696875,0.0,0.0,0.0,0.0,-0.0020696875,-0.0020696875,-0.00378775,-0.00378775,-0.00378775,0.0,-0.00378775,-0.00378775,0.0,-0.00378775,0.0,-0.00378775,0.0,0.0,-0.0020696875,0.0,-0.0020696875,0.0,0.0,0.0,-0.004144,0.0,-0.004144,-0.004144,-0.00223375,0.000331,-0.001554,-0.00378775,-0.004144,-0.0016315,-0.0020696875,0.000935,0.000331,-0.0045255,-0.0003815,0.00019975,0.00111625,0.00019975,-0.00395025,-0.00417525,-0.0044255,-0.00025025
2022-07,-0.00125325,-0.00125325,-0.0008355,-0.00125325,0.0,-0.0012645,-0.00125325,-0.00125325,-0.00125325,0.0,-0.00125325,-0.00125325,0.0,-0.00125325,0.0,0.0,-0.00199475,0.0,0.0,0.0,0.0,0.0,0.0,0.0,0.0,0.0,-0.00125325,0.0,0.0,0.0,-0.00125325,-0.00125325,0.0,-0.00125325,0.0,0.0,0.0,-0.00125325,-0.00199475,0.0,0.0,0.0,-0.00199475,0.0,-0.0015795,-0.0015795,-0.0015795,-0.0015795,-0.00226275,0.000308625,0.0010095,-0.00125325,-0.0015795,-0.000823875,-0.00199475,-0.00020025,-0.000343875,-0.001923375,-0.000343875,0.000368625,-0.0001665,-0.000403875,-0.0012645,-0.00165075,-0.002054625,-0.000403875
2022-08,0.005030125,0.005030125,0.0032891875,0.0,0.0,0.0,0.005030125,0.0,0.0,0.0,0.005030125,0.0,0.0,0.0,0.0,0.0,0.0001799375,0.0,0.0,0.0,0.0,0.0,0.0,0.0,0.0,0.0,0.005030125,0.0,0.0,0.0,0.0,0.005030125,0.0,0.005030125,0.0,0.0,0.0,0.005030125,0.0001799375,0.0,0.0,0.0,0.0001799375,0.0,0.0063195,0.0,0.0063195,0.0063195,0.006957,-0.0013205,-0.001926875,0.005030125,0.0063195,0.000727,0.0001799375,0.000357,0.00125825,0.00757775,0.00125825,-0.000736125,0.000132,0.000673875,0.005115125,0.005820125,0.006494,0.000673875
2022-09,-0.0009070625,-0.0009070625,-0.0006336875,-0.0009070625,0.0,-0.0009364375,-0.0009070625,-0.0009070625,-0.0009070625,-0.0009070625,-0.0009070625,-0.0009070625,0.0,-0.0009070625,-0.0009070625,-0.0009070625,0.00209625,0.0,0.0,0.0,0.0,0.0,0.0,0.0,0.0,0.0,-0.0009070625,-0.0009070625,-0.0009070625,-0.0009070625,-0.0009070625,-0.0009070625,-0.0009070625,0.0,-0.0009070625,0.0,0.0,0.0,0.00209625,0.0,0.0,0.0,0.00209625,0.0,-0.001883625,-0.001883625,-0.001883625,-0.001883625,0.000398,0.000955125,-0.0013050625,-0.0009070625,-0.001883625,-0.000803,0.00209625,0.001768,0.000955125,-0.002881625,-0.000998,0.0010398125,0.001798,0.0010398125,-0.0009364375,-0.0019976875,-0.003080375,-0.0010826875
2022-10,0.000168,0.000168,0.000112,0.000168,0.0,-0.00023325,0.000168,0.000168,0.000168,0.0,0.000168,0.000168,0.0,0.000168,0.000168,0.0,-0.0016425,0.0,0.0,0.0,0.0,0.0,-0.0016425,-0.0016425,0.0,-0.0016425,0.000168,0.0,0.000168,0.000168,0.000168,0.000168,0.000168,0.0,0.0,0.0,0.000168,0.0,0.0,-0.0016425,0.0,0.0,0.0,-0.0016425,-0.0005735625,-0.0005735625,-0.0005735625,-0.0005735625,0.0001755,0.000694875,-7.5e-06,0.000168,-0.0005735625,0.0006151875,-0.0016425,-0.00078075,-0.00078825,-0.0013618125,-0.00078825,0.0005926875,-0.000702,-0.0006860625,-0.00023325,-0.000872625,-0.0015586875,-0.0006860625
2022-11,-8.9375e-05,-8.9375e-05,2.225e-05,-8.9375e-05,0.0,-6.1875e-05,-8.9375e-05,-8.9375e-05,-8.9375e-05,-8.9375e-05,-8.9375e-05,-8.9375e-05,0.0,-8.9375e-05,0.0,0.0,-0.0002695,0.0,0.0,-0.0002695,0.0,0.0,0.0,0.0,0.0,-0.0002695,-8.9375e-05,0.0,-8.9375e-05,0.0,-8.9375e-05,-8.9375e-05,-8.9375e-05,0.0,0.0,0.0,-8.9375e-05,0.0,-0.0002695,0.0,-0.0002695,0.0,0.0,0.0,-0.0004171875,-0.0004171875,-0.0004171875,-0.0004171875,-0.000491,0.000318125,0.000401625,-8.9375e-05,-0.0004171875,-0.0010475,-0.0002695,1.5e-06,-0.0003375,-0.0007546875,-0.0003375,0.0002384375,7.65e-05,-0.0002578125,-6.1875e-05,-0.00031,-0.0005678125,-0.0002578125
2022-12,-0.000538,-0.000538,-0.0002644375,0.0,0.0,0.0,-0.000538,0.0,-0.000538,-0.000538,0.0,-0.000538,0.0,0.0,-0.000538,0.0,-0.00862625,0.0,0.0,0.0,-0.00862625,0.0,-0.00862625,0.0,0.0,-0.00862625,-0.000538,-0.000538,-0.000538,-0.000538,-0.000538,-0.000538,0.0,-0.000538,0.0,-0.000538,0.0,0.0,0.0,-0.00862625,0.0,-0.00862625,0.0,0.0,0.000762,0.0,0.000762,0.000762,-0.001205,-0.0013505,0.000667,-0.000538,0.000762,-0.000363,-0.00862625,-0.0007675,-0.0013505,0.0020115,0.0012495,-0.001538,-0.000605,-0.001538,-0.0004755,0.001012,0.002449,0.001437
2023-01,-0.0013474375,-0.0013474375,-0.00087675,-0.0013474375,0.0,-0.0014015,-0.0013474375,-0.0013474375,-0.0013474375,0.0,-0.0013474375,-0.0013474375,0.0,-0.0013474375,-0.0013474375,-0.0013474375,0.00109625,0.0,0.0,0.0,0.0,0.0,0.0,0.0,0.0,0.0,-0.0013474375,0.0,-0.0013474375,-0.0013474375,-0.0013474375,-0.0013474375,-0.0013474375,0.0,0.0,0.0,-0.0013474375,0.0,0.00109625,0.0,0.0,0.0,0.00109625,0.0,-0.0011980625,-0.0011980625,-0.0011980625,-0.0011980625,-0.001509,-0.0001649375,0.0001615625,-0.0013474375,-0.0011980625,-0.000760875,0.00109625,0.0006285,0.0001338125,-0.00106425,0.0001338125,-0.0002430625,0.0006285,0.0002119375,-0.0014015,-0.001174,-0.0009620625,0.0002119375
2023-02,0.000132,0.000132,0.000204375,0.0,0.0,0.0,0.000132,0.0,0.0,0.000132,0.000132,0.0,0.0,0.0,0.000132,0.0,-0.004027,0.0,0.0,0.0,0.0,0.0,0.0,0.0,0.0,0.0,0.000132,0.0,0.0,0.0,0.0,0.000132,0.0,0.000132,0.0,0.0,0.0,0.000132,-0.004027,0.0,0.0,0.0,-0.004027,0.0,0.0002045,0.0,0.0002045,0.0002045,0.0004215,-8.425e-05,-0.0002895,0.000132,0.0002045,0.000132,-0.004027,-0.0001935,6.075e-05,0.00026525,6.075e-05,-9.25e-06,-0.000281,-1.425e-05,0.00011075,0.00010825,9.4e-05,-1.425e-05
2023-03,0.002629375,0.002629375,0.00126575,0.002629375,0.0,0.002603125,0.002629375,0.002629375,0.002629375,0.002629375,0.0,0.002629375,0.002629375,0.002629375,0.002629375,0.002629375,0.0042965,0.0,0.0,0.0042965,0.0,0.0,0.0,0.0042965,0.0042965,0.0042965,0.002629375,0.002629375,0.002629375,0.002629375,0.002629375,0.002629375,0.002629375,0.0,0.002629375,0.0,0.0,0.0,0.0042965,0.0,0.0042965,0.0,0.0,0.0,0.002628125,0.002628125,0.002628125,0.002628125,0.002923,-1.8125e-05,-0.000293625,0.002629375,0.002628125,0.000929375,0.0042965,0.000313,-1.8125e-05,0.0026075,-2.0625e-05,-2.5625e-05,0.000268,-2.5625e-05,0.002603125,0.002609375,0.00259625,-1.3125e-05
2023-04,-0.0003846875,-0.0003846875,-0.000212125,-0.0003846875,0.0,-0.0004678125,-0.0003846875,-0.0003846875,-0.0003846875,-0.0003846875,-0.0003846875,-0.0003846875,-0.0003846875,-0.0003846875,0.0,-0.0003846875,0.00038975,0.0,0.0,0.00038975,0.0,0.0,0.0,0.0,0.00038975,0.0,-0.0003846875,0.0,0.0,0.0,-0.0003846875,-0.0003846875,0.0,-0.0003846875,0.0,0.0,0.0,-0.0003846875,0.0,0.00038975,0.0,0.00038975,0.0,0.0,-0.00020125,-0.00020125,-0.00020125,-0.00020125,-0.000266,-0.000193125,-0.0001186875,-0.0003846875,-0.00020125,-0.0002165625,0.00038975,-3.1e-05,0.00017375,-2.75e-05,0.00017375,-0.000325,1.65e-05,0.000305625,-0.0004678125,-0.0001525,0.000153125,0.000305625
2023-05,-0.00041275,-0.00041275,-0.00046225,-0.00041275,0.0,-0.00036775,-0.00041275,-0.00041275,-0.00041275,-0.00041275,-0.00041275,-0.00041275,-0.00041275,-0.00041275,0.0,-0.00041275,0.0020706875,0.0,0.0,0.0020706875,0.0,0.0,0.0,0.0,0.0020706875,0.0020706875,-0.00041275,0.0,0.0,0.0,-0.00041275,-0.00041275,0.0,-0.00041275,0.0,0.0,0.0,-0.00041275,0.0020706875,0.0,0.0020706875,0.0,0.0,0.0,-0.000278375,-0.000278375,-0.000278375,-0.000278375,-0.00051175,-0.00014025,9.9e-05,-0.00041275,-0.000278375,0.000204125,0.0020706875,0.00018575,0.0001285,-0.000149875,0.0001285,-0.000109,0.0001545,9.725e-05,-0.00036775,-0.000264625,-0.000167375,9.725e-05
2023-06,-0.01037125,-0.01037125,-0.007002,0.0,0.0,0.0,-0.01037125,0.0,0.0,0.0,0.0,0.0,0.0,0.0,0.0,0.0,-0.002739,0.0,0.0,0.0,0.0,0.0,0.0,0.0,0.0,0.0,-0.01037125,0.0,0.0,-0.01037125,-0.01037125,-0.01037125,0.0,-0.01037125,0.0,0.0,0.0,-0.01037125,-0.002739,0.0,0.0,0.0,-0.002739,0.0,-0.0093765625,0.0,-0.0093765625,-0.0093765625,-0.007341,-0.001063125,-0.00303025,-0.01037125,-0.0093765625,-0.002895,-0.002739,0.000219,0.00092625,-0.0084503125,0.00092625,0.0,0.0,0.0,0.0,0.0,0.0,0.0
2023-07,-0.0020445,-0.0020445,-0.0013285,-0.0020445,0.0,-0.00192075,-0.0020445,-0.0020445,-0.0020445,0.0,-0.0020445,-0.0020445,-0.0020445,-0.0020445,0.0,-0.0020445,-0.0009195,0.0,0.0,0.0,0.0,0.0,0.0,0.0,0.0,0.0,-0.0020445,0.0,0.0,-0.0020445,-0.0020445,-0.0020445,-0.0020445,0.0,0.0,0.0,-0.0020445,0.0,-0.0009195,0.0,0.0,0.0,-0.0009195,0.0,-0.001551375,-0.001551375,-0.001551375,-0.001551375,-0.000308,-0.0005598125,-0.0017365,-0.0020445,-0.001551375,-0.0003629375,-0.0009195,-0.000748,0.0004264375,-0.0011249375,0.0004264375,-0.0004923125,-0.000528,0.0003589375,-0.00192075,-0.001495125,-0.0011361875,0.0003589375
2023-08,0.0056554375,0.0056554375,0.003592125,0.0056554375,0.0,0.005988875,0.0056554375,0.0056554375,0.0056554375,0.0056554375,0.0056554375,0.0056554375,0.0,0.0056554375,0.0056554375,0.0056554375,-0.003179,0.0,0.0,0.0,0.0,0.0,0.0,0.0,0.0,-0.003179,0.0056554375,0.0056554375,0.0056554375,0.0056554375,0.0056554375,0.0056554375,0.0056554375,0.0,0.0056554375,0.0,0.0,0.0,0.0,-0.003179,0.0,-0.003179,0.0,0.0,0.004047,0.004047,0.004047,0.004047,0.007483,0.00152825,-0.0018275625,0.0056554375,0.004047,-0.0011639375,-0.003179,0.0003605,0.00152825,0.002358375,-0.001688625,0.00151075,0.000343,0.00151075,0.005988875,0.0043979375,0.0027268125,-0.001671125
2023-09,-0.0013155,-0.0013155,-0.000877,-0.0013155,0.0,-0.0012705,-0.0013155,-0.0013155,-0.0013155,-0.0013155,-0.0013155,-0.0013155,0.0,-0.0013155,-0.0013155,-0.0013155,-0.000185625,0.0,0.0,0.0,0.0,0.0,0.0,0.0,0.0,0.0,-0.0013155,-0.0013155,-0.0013155,-0.0013155,-0.0013155,-0.0013155,-0.0013155,0.0,-0.0013155,0.0,0.0,0.0,-0.000185625,0.0,0.0,0.0,-0.000185625,0.0,-0.003003,-0.003003,-0.003003,-0.003003,-0.003291,0.001617,0.0019755,-0.0013155,-0.003003,-0.001278,-0.000185625,-9.6e-05,0.001617,-0.004761,-0.001758,0.0014895,-0.000186,0.0014895,-0.0012705,-0.0028305,-0.004461,-0.0016305
2023-10,3.75e-07,3.75e-07,-0.0001163125,0.0,0.0,0.0,3.75e-07,0.0,0.0,0.0,3.75e-07,0.0,0.0,3.75e-07,0.0,0.0,4.61875e-05,0.0,0.0,0.0,0.0,0.0,0.0,0.0,0.0,0.0,3.75e-07,0.0,0.0,0.0,0.0,3.75e-07,0.0,3.75e-07,0.0,0.0,0.0,3.75e-07,4.61875e-05,0.0,0.0,0.0,4.61875e-05,0.0,8.1625e-05,0.0,8.1625e-05,8.1625e-05,-0.000233,-8.7125e-05,0.000233375,3.75e-07,8.1625e-05,-0.00014775,4.61875e-05,0.000217,7.5375e-05,0.000157,7.5375e-05,-2.15e-05,0.00021075,9.75e-06,1.6625e-05,3.225e-05,4.2e-05,9.75e-06
2023-11,0.00454625,0.00454625,0.00291375,0.0,0.0,0.0,0.00454625,0.0,0.00454625,0.0,0.0,0.0,0.0,0.00454625,0.0,0.0,-0.00212175,0.0,0.0,0.0,0.0,0.0,0.0,0.0,-0.00212175,0.0,0.00454625,0.0,0.0,0.00454625,0.00454625,0.00454625,0.00454625,0.0,0.0,0.0,0.00454625,0.0,0.0,-0.00212175,0.0,0.0,0.0,-0.00212175,0.00323875,0.0,0.00323875,0.00323875,-0.00312075,0.0011896875,0.007667,0.00454625,0.00323875,-0.003894375,-0.00212175,0.00224675,-0.0014253125,0.0018134375,-0.0014253125,0.0,0.0,0.0,0.0,0.0,0.0,0.0
2023-12,4.25e-05,4.25e-05,1.775e-05,4.25e-05,0.0,-9.375e-06,4.25e-05,4.25e-05,4.25e-05,0.0,0.0,4.25e-05,0.0,4.25e-05,0.0,0.0,-0.000578125,0.0,0.0,0.0,0.0,0.0,0.0,0.0,0.0,0.0,4.25e-05,0.0,0.0,0.0,4.25e-05,4.25e-05,0.0,4.25e-05,0.0,0.0,0.0,4.25e-05,-0.000578125,0.0,0.0,0.0,-0.000578125,0.0,-3.3125e-05,-3.3125e-05,-3.3125e-05,-3.3125e-05,0.00026475,5.59375e-05,-0.00022225,4.25e-05,-3.3125e-05,0.0001640625,-0.000578125,-0.0004965,-9.53125e-05,-0.0001284375,-9.53125e-05,0.0001196875,-0.000429,-0.0001590625,-9.375e-06,-0.00014875,-0.0003078125,-0.0001590625
2024-01,0.0048755,0.0048755,0.00330225,0.0048755,0.0,0.004841125,0.0048755,0.0048755,0.0048755,0.0,0.0048755,0.0048755,0.0,0.0048755,0.0,0.0,-0.0032416875,0.0,0.0,0.0,0.0,0.0,0.0,0.0,0.0,0.0,0.0048755,0.0,0.0,0.0048755,0.0048755,0.0048755,0.0048755,0.0,0.0,0.0,0.0048755,0.0,-0.0032416875,0.0,0.0,0.0,-0.0032416875,0.0,0.007313,0.007313,0.007313,0.007313,-0.00042,-0.002533875,0.0052955,0.0048755,0.007313,0.00833175,-0.0032416875,0.00432375,0.002341125,0.009654125,0.002341125,-0.0017245,0.00378,0.00153175,0.004841125,0.00646925,0.008001,0.00153175
2024-02,-0.00145725,-0.00145725,-0.000936,-0.00145725,0.0,-0.001431,-0.00145725,-0.00145725,-0.00145725,0.0,-0.00145725,-0.00145725,-0.00145725,-0.00145725,-0.00145725,-0.00145725,-0.001328875,0.0,0.0,0.0,0.0,0.0,0.0,0.0,0.0,0.0,-0.00145725,0.0,-0.00145725,-0.00145725,-0.00145725,-0.00145725,-0.00145725,0.0,0.0,0.0,-0.00145725,0.0,-0.001328875,0.0,0.0,0.0,-0.001328875,0.0,-0.000241,-0.000241,-0.000241,-0.000241,-0.00381225,-0.0013285,0.002355,-0.00145725,-0.000241,-0.001671,-0.001328875,0.0035615,0.001104,0.000863,0.001104,-0.00119225,0.00298775,0.00096775,-0.001431,-0.000351,0.00061675,0.00096775
2024-03,-0.002069625,-0.002069625,-0.001343625,-0.002069625,0.0,-0.0018430625,-0.002069625,-0.002069625,-0.002069625,0.0,-0.002069625,-0.002069625,-0.002069625,-0.002069625,0.0,0.0,0.00183825,0.0,0.0,0.00183825,0.00183825,0.0,0.0,0.0,0.00183825,0.0,-0.002069625,0.0,0.0,-0.002069625,-0.002069625,-0.002069625,-0.002069625,0.0,0.0,0.0,-0.002069625,0.0,0.0,0.00183825,0.0,0.00183825,0.0,0.0,-0.000719625,-0.000719625,-0.000719625,-0.000719625,-0.0001175,-0.0014149375,-0.001952125,-0.002069625,-0.000719625,-0.000257125,0.00183825,-0.00068,0.0012850625,0.0005654375,0.0012850625,-0.00094775,-0.0009675,0.000817875,-0.0018430625,-0.00096025,-0.000142375,0.000817875
2024-04,-0.0015830625,-0.0015830625,-0.000850875,0.0,0.0,0.0,-0.0015830625,0.0,-0.0015830625,-0.0015830625,-0.0015830625,0.0,0.0,-0.0015830625,-0.0015830625,-0.0015830625,0.0017255625,0.0,0.0,0.0,0.0,0.0,0.0,0.0,0.0,0.0,-0.0015830625,-0.0015830625,-0.0015830625,0.0,0.0,-0.0015830625,0.0,-0.0015830625,0.0,-0.0015830625,0.0,0.0,0.0017255625,0.0,0.0,0.0,0.0017255625,0.0,-0.000568375,0.0,-0.000568375,-0.000568375,-0.001227,-0.00104025,-0.0003560625,-0.0015830625,-0.000568375,-0.0011615,0.0017255625,-0.000417,-0.00104025,0.00042075,0.000989125,-0.00083025,-0.000432,-0.00083025,-0.0012836875,-0.000479,0.000300125,0.000779125
2024-05,0.003739625,0.003739625,0.002510625,0.0,0.0,0.0,0.003739625,0.0,0.0,0.0,0.003739625,0.0,0.003739625,0.0,0.0,0.0,-0.0041015,0.0,0.0,0.0,0.0,0.0,0.0,0.0,0.0,0.0,0.003739625,0.0,0.0,0.0,0.0,0.003739625,0.0,0.003739625,0.0,0.0,0.0,0.003739625,-0.0041015,0.0,0.0,0.0,-0.0041015,0.0,0.0010380625,0.0,0.0010380625,0.0010380625,0.0017925,0.002599,0.001947125,0.003739625,0.0010380625,-0.0023650625,-0.0041015,0.000105,-0.002804125,-0.0017660625,-0.002804125,0.0017755625,0.0002925,-0.0019806875,0.0036380625,0.0017599375,-0.00022075,-0.0019806875
2024-06,-0.004443,-0.004443,-0.0029445,0.0,0.0,0.0,-0.004443,0.0,0.0,0.0,0.0,0.0,0.0,-0.004443,0.0,0.0,-0.001419375,0.0,0.0,0.0,0.0,0.0,0.0,0.0,0.0,0.0,-0.004443,0.0,0.0,0.0,0.0,-0.004443,0.0,-0.004443,0.0,0.0,0.0,-0.004443,-0.001419375,0.0,0.0,0.0,-0.001419375,0.0,-0.001718,0.0,-0.001718,-0.001718,-0.000855,-0.002796125,-0.003588,-0.004443,-0.001718,0.00046325,-0.001419375,0.000595,0.002653875,0.000935875,0.002653875,-0.002268,0.0004325,0.00212575,-0.004533625,-0.00233675,-0.000211,0.00212575
2024-07,-0.0009893125,-0.0009893125,-0.000595125,-0.0009893125,0.0,-0.001010875,-0.0009893125,-0.0009893125,-0.0009893125,-0.0009893125,-0.0009893125,-0.0009893125,0.0,-0.0009893125,-0.0009893125,-0.0009893125,0.00322675,0.0,0.0,0.0,0.0,0.0,0.0,0.0,0.0,0.0,-0.0009893125,-0.0009893125,-0.0009893125,0.0,-0.0009893125,-0.0009893125,-0.0009893125,0.0,-0.0009893125,0.0,0.0,0.0,0.0,0.00322675,0.0,0.0,0.0,0.00322675,0.001395375,0.001395375,0.001395375,0.001395375,0.000773,-0.00241025,-0.0017623125,-0.0009893125,0.001395375,0.0014594375,0.00322675,-0.001562,-0.00241025,0.0037545,0.002359125,-0.0021165,-0.001662,-0.0021165,-0.001010875,0.0010800625,0.0031454375,0.002065375
2024-08,0.0,0.0,0.0,0.0,0.0,0.0,0.0,0.0,0.0,0.0,0.0,0.0,0.0,0.0,0.0,0.0,0.0048748125,0.0,0.0,0.0,0.0,0.0,0.0,0.0,0.0,0.0048748125,0.0,0.0,0.0,0.0,0.0,0.0,0.0,0.0,0.0,0.0,0.0,0.0,0.0,0.0048748125,0.0,0.0048748125,0.0,0.0,0.0,0.0,0.0,0.0,0.0,0.0,0.0,0.0,0.0,0.0,0.0048748125,-0.0,-0.0,0.0,-0.0,0.0,0.0,0.0,0.0,0.0,0.0,0.0
2024-09,0.0,0.0,0.0,0.0,0.0,0.0,0.0,0.0,0.0,0.0,0.0,0.0,0.0,0.0,0.0,0.0,0.003166375,0.0,0.0,0.0,0.0,0.0,0.0,0.0,0.003166375,0.003166375,0.0,0.0,0.0,0.0,0.0,0.0,0.0,0.0,0.0,0.0,0.0,0.0,0.003166375,0.0,0.003166375,0.0,0.0,0.0,0.0,0.0,0.0,0.0,0.0,0.0,0.0,0.0,0.0,0.0,0.003166375,0.0,0.0,0.0,-0.0,0.0,0.0,0.0,0.0,0.0,0.0,0.0
