month,sample,entry,exit,traded,es_id,zn_id,q_es,q_zn,gross_nav,cost,pnl
2015-10,IS,2015-10-26,2015-11-02,True,13950,184597,-21,17,0.4352471875,718.125,-56349.375
2015-11,IS,2015-11-23,2015-12-01,True,13950,72174,-7,5,0.1361453125,225.625,-2300.625
2015-12,IS,2015-12-24,2016-01-04,True,49705,72174,1,-1,0.022865,38.125,-2135
2016-01,IS,2016-01-25,2016-02-01,True,49705,72174,22,-16,0.4143175,715,56385
2016-02,IS,2016-02-23,2016-03-01,True,49705,771901,1,-1,0.022721875,38.125,4030.625
2016-03,IS,2016-03-24,2016-04-01,True,6505,771901,-26,20,0.52239375,867.5,-26755
2016-04,IS,2016-04-25,2016-05-02,True,6505,771901,-16,13,0.335189375,548.125,10917.5
2016-05,IS,2016-05-24,2016-06-01,True,6505,732065,3,-3,0.069575625,114.375,3101.25
2016-06,IS,2016-06-24,2016-07-01,False,2615,732065,0,0,0,0,0
2016-07,IS,2016-07-25,2016-08-01,True,2615,732065,-15,12,0.3211125,510,6615
2016-08,IS,2016-08-25,2016-09-01,True,2615,120107,-8,7,0.178875,284.375,1231.25
2016-09,IS,2016-09-26,2016-10-03,True,2928,120107,2,-2,0.04778625,76.25,1992.5
2016-10,IS,2016-10-25,2016-11-01,False,2928,120107,0,0,0,0,0
2016-11,IS,2016-11-23,2016-12-01,True,2928,208387,-43,37,0.9357271875,1515.625,-9875
2016-12,IS,2016-12-23,2017-01-03,True,35903,208387,-46,42,1.037228125,1671.25,47078.75
2017-01,IS,2017-01-25,2017-02-01,True,35903,208387,-22,20,0.4986325,797.5,30965
2017-02,IS,2017-02-22,2017-03-01,True,35903,353160,-44,42,1.04065625,1636.25,-94136.25
2017-03,IS,2017-03-27,2017-04-03,True,9006,353160,7,-7,0.169238125,266.875,3342.5
2017-04,IS,2017-04-24,2017-05-01,True,9006,353160,22,-20,0.51035,797.5,24465
2017-05,IS,2017-05-24,2017-06-01,True,9006,357060,-5,5,0.12273125,190.625,-4956.25
2017-06,IS,2017-06-26,2017-07-03,True,24842,357060,-12,11,0.2855078125,436.875,-12227.5
2017-07,IS,2017-07-25,2017-08-01,True,24842,357060,-37,36,0.910835,1390,25472.5
2017-08,IS,2017-08-25,2017-09-01,True,24842,793429,15,-14,0.360025,551.25,22386.25
2017-09,IS,2017-09-25,2017-10-02,True,23936,793429,-31,31,0.7771990625,1181.875,-71706.875
2017-10,IS,2017-10-25,2017-11-01,True,23936,793429,-48,49,1.227338438,1850.625,-18647.5
2017-11,IS,2017-11-24,2017-12-01,True,23936,525443,-14,14,0.356418125,533.75,-34790
2017-12,IS,2017-12-22,2018-01-02,True,21168,525443,-27,30,0.733393125,1091.25,-3978.75
2018-01,IS,2018-01-25,2018-02-01,True,21168,525443,-49,57,1.392602813,2033.125,-25564.375
2018-02,IS,2018-02-22,2018-03-01,True,21168,615592,6,-6,0.152728125,228.75,-14797.5
2018-03,IS,2018-03-23,2018-04-02,True,23252,615592,7,-7,0.1768746875,266.875,-12823.125
2018-04,IS,2018-04-24,2018-05-01,True,23252,615592,-6,7,0.1636671875,249.375,-5021.25
2018-05,IS,2018-05-24,2018-06-01,True,23252,799743,-17,19,0.4583325,689.375,6763.75
2018-06,IS,2018-06-25,2018-07-02,True,57287,799743,-15,17,0.4106703125,613.125,-3566.25
2018-07,IS,2018-07-25,2018-08-01,True,57287,799743,-29,35,0.82751375,1229.375,26042.5
2018-08,IS,2018-08-27,2018-09-04,True,57287,480218,-11,13,0.3147290625,460.625,-4385.625
2018-09,IS,2018-09-24,2018-10-01,True,16114,480218,-29,35,0.8407453125,1229.375,-6113.75
2018-10,IS,2018-10-25,2018-11-01,True,16114,480218,17,-20,0.46371125,710,40640
2018-11,IS,2018-11-26,2018-12-03,True,16114,98159,9,-9,0.22554,343.125,48510
2018-12,IS,2018-12-24,2019-01-02,True,18720,98159,21,-21,0.507583125,800.625,160505.625
2019-01,IS,2019-01-25,2019-02-01,True,18720,98159,-7,8,0.18959,287.5,-10300
2019-02,IS,2019-02-22,2019-03-01,True,18720,126136,-9,10,0.24706,363.75,-14832.5
2019-03,IS,2019-03-25,2019-04-01,True,736,126136,3,-3,0.079370625,114.375,11566.875
2019-04,IS,2019-04-24,2019-05-01,True,736,126136,-27,33,0.8029425,1153.125,10856.25
2019-05,IS,2019-05-24,2019-06-03,True,736,596431,18,-20,0.5048175,727.5,-116627.5
2019-06,IS,2019-06-24,2019-07-01,True,37699,596431,-27,31,0.7936159375,1111.875,-30124.375
2019-07,IS,2019-07-25,2019-08-01,True,37699,596431,-22,26,0.663905625,921.25,95591.25
2019-08,IS,2019-08-26,2019-09-03,True,37699,59121,9,-10,0.260106875,363.75,2998.75
2019-09,IS,2019-09-24,2019-10-01,True,16145,59121,-11,12,0.32092875,440,16685
2019-10,IS,2019-10-25,2019-11-01,True,16145,59121,-4,4,0.1120225,152.5,-6815
2019-11,IS,2019-11-22,2019-12-02,True,16145,771691,-19,22,0.579883125,786.25,-16461.25
2019-12,IS,2019-12-24,2020-01-02,True,10571,771691,-21,27,0.684714375,924.375,-27399.375
2020-01,IS,2020-01-27,2020-02-03,True,10571,771691,-3,4,0.101515,135,1715
2020-02,IS,2020-02-24,2020-03-02,True,10571,105872,-12,15,0.39798,519.375,134433.75
2020-03,IS,2020-03-25,2020-04-01,True,21336,105872,3,-2,0.064060625,93.75,-6225
2020-04,IS,2020-04-24,2020-05-01,True,21336,105872,-2,2,0.055610625,76.25,230
2020-05,IS,2020-05-22,2020-06-01,True,21336,421732,-1,1,0.028563125,38.125,-4963.125
2020-06,IS,2020-06-24,2020-07-01,True,12181,421732,-2,3,0.07281,96.875,-5262.5
2020-07,IS,2020-07-27,2020-08-03,True,12181,421732,-7,8,0.2238025,287.5,-16225
2020-08,IS,2020-08-25,2020-09-01,True,12181,480372,-18,23,0.6290734375,789.375,-70280
2020-09,IS,2020-09-24,2020-10-01,True,19100,480372,14,-16,0.4493875,575,90750
2020-10,IS,2020-10-26,2020-11-02,True,19100,480372,-9,12,0.32136,405,37320
2020-11,IS,2020-11-23,2020-12-01,True,19100,204527,-15,19,0.5289765625,654.375,-73232.5
2020-12,IS,2020-12-24,2021-01-04,True,5482,204527,-7,10,0.266618125,328.75,3133.75
2021-01,IS,2021-01-25,2021-02-01,True,5482,204527,-12,17,0.463008125,560.625,45901.875
2021-02,IS,2021-02-22,2021-03-01,True,5482,408794,-23,33,0.892179375,1083.125,-64667.5
2021-03,IS,2021-03-25,2021-04-01,True,3853,408794,-8,12,0.3137425,387.5,-52812.5
2021-04,IS,2021-04-26,2021-05-03,True,3853,408794,-14,21,0.57012375,678.125,-6037.5
2021-05,IS,2021-05-24,2021-06-01,True,3853,703006,3,-5,0.1280496875,155.625,244.375
2021-06,IS,2021-06-24,2021-07-01,True,1030,703006,-3,5,0.12956625,155.625,-7899.375
2021-07,IS,2021-07-26,2021-08-02,True,1030,703006,-4,6,0.168544375,193.75,11487.5
2021-08,IS,2021-08-25,2021-09-01,True,1030,507886,-11,19,0.5000390625,584.375,-8403.125
2021-09,IS,2021-09-24,2021-10-01,True,8858,507886,3,-4,0.11952,135,-16060
2021-10,IS,2021-10-25,2021-11-01,True,8858,507886,-20,35,0.909853125,1071.875,-45540.625
2021-11,IS,2021-11-23,2021-12-01,True,8858,768155,-14,26,0.663510625,781.25,176000
2021-12,IS,2021-12-27,2022-01-03,True,5782,768155,-4,8,0.1987525,235,-9985
2022-01,IS,2022-01-25,2022-02-01,True,5782,768155,11,-19,0.4863859375,584.375,106465.625
2022-02,IS,2022-02-22,2022-03-01,True,5782,146095,3,-6,0.141118125,176.25,-13488.75
2022-03,IS,2022-03-25,2022-04-01,True,3403,146095,-5,10,0.235734375,293.75,5893.75
2022-04,IS,2022-04-25,2022-05-02,True,3403,146095,3,-6,0.13537125,176.25,-13845
2022-05,IS,2022-05-24,2022-06-01,True,3403,234665,2,-4,0.08738625,117.5,21170
2022-06,IS,2022-06-24,2022-07-01,True,97042,234665,5,-8,0.18911875,252.5,-37877.5
2022-07,IS,2022-07-25,2022-08-01,True,97042,234665,-3,6,0.131409375,176.25,-12532.5
2022-08,IS,2022-08-25,2022-09-01,True,97042,71412,-6,10,0.24162625,311.25,50301.25
2022-09,IS,2022-09-26,2022-10-03,True,206323,71412,4,-7,0.1530175,214.375,-9070.625
2022-10,IS,2022-10-25,2022-11-01,True,206323,71412,-9,15,0.3360178125,466.875,1680
2022-11,IS,2022-11-23,2022-12-01,True,206323,397730,-2,3,0.073974375,96.875,-893.75
2022-12,IS,2022-12-23,2023-01-03,True,206299,397730,10,-16,0.3741375,505,-5380
2023-01,IS,2023-01-25,2023-02-01,True,206299,397730,-3,5,0.118006875,155.625,-13474.375
2023-02,IS,2023-02-22,2023-03-01,True,206299,69078,-2,4,0.0846825,117.5,1320
2023-03,IS,2023-03-27,2023-04-03,True,95414,69078,4,-6,0.149690625,193.75,26293.75
2023-04,IS,2023-04-24,2023-05-01,True,95414,69078,-2,3,0.075908125,96.875,-3846.875
2023-05,IS,2023-05-24,2023-06-01,True,95414,338574,-1,2,0.043671875,58.75,-4127.5
2023-06,IS,2023-06-26,2023-07-03,True,3445,338574,-12,23,0.5234196875,684.375,-103712.5
2023-07,IS,2023-07-25,2023-08-01,True,3445,338574,-11,23,0.50983625,666.875,-20445
2023-08,IS,2023-08-25,2023-09-01,True,3445,12212,14,-27,0.6041465625,801.875,56554.375
2023-09,IS,2023-09-25,2023-10-02,True,314863,12212,12,-24,0.52251,705,-13155
2023-10,IS,2023-10-25,2023-11-01,True,314863,12212,-1,2,0.042628125,58.75,3.75
2023-11,IS,2023-11-24,2023-12-01,True,314863,110030,-19,41,0.8816215625,1178.125,45462.5
2023-12,IS,2023-12-22,2024-01-02,True,17077,110030,-3,7,0.1508215625,196.875,425
2024-01,IS,2024-01-25,2024-02-01,True,17077,110030,-15,34,0.74464375,963.75,48755
2024-02,IS,2024-02-23,2024-03-01,True,17077,42004501,-17,40,0.87337125,1122.5,-14572.5
2024-03,IS,2024-03-22,2024-04-01,True,5602,42004501,-10,23,0.5190234375,649.375,-20696.25
2024-04,IS,2024-04-24,2024-05-01,True,5602,42004501,4,-9,0.1994003125,255.625,-15830.625
2024-05,IS,2024-05-24,2024-06-03,True,5602,42002321,-15,37,0.799809375,1025.625,37396.25
2024-06,IS,2024-06-24,2024-07-01,True,118,42002321,-10,26,0.5640125,711.25,-44430
2024-07,IS,2024-07-25,2024-08-01,True,118,42002321,4,-9,0.2090446875,255.625,-9893.125
2024-08,IS,2024-08-26,2024-09-03,False,118,42000697,0,0,0,0,0
2024-09,IS,2024-09-24,2024-10-01,False,183748,42000697,0,0,0,0,0
2024-10,OOS,2024-10-25,2024-11-01,True,183748,42000697,-8,21,0.467650625,573.125,12870.625
2024-11,OOS,2024-11-22,2024-12-02,True,183748,42002219,-10,27,0.594596875,731.875,-3091.25
2024-12,OOS,2024-12-24,2025-01-02,True,5002,42002219,-2,7,0.136288125,179.375,19720.625
2025-01,OOS,2025-01-27,2025-02-03,True,5002,42002219,-10,28,0.610375,752.5,5810
2025-02,OOS,2025-02-24,2025-03-03,True,5002,42004113,3,-9,0.18915375,238.125,-34878.75
2025-03,OOS,2025-03-25,2025-04-01,True,4916,42004113,3,-7,0.1646153125,196.875,-30215.625
2025-04,OOS,2025-04-24,2025-05-01,True,4916,42004113,1,-2,0.04914,58.75,4260
2025-05,OOS,2025-05-23,2025-06-02,True,4916,42066706,-4,9,0.2160084375,255.625,-23211.875
2025-06,OOS,2025-06-24,2025-07-01,True,14160,42066706,-1,4,0.07496625,100,-4412.5
2025-07,OOS,2025-07-25,2025-08-01,True,14160,42066706,-10,28,0.63039375,752.5,113622.5
2025-08,OOS,2025-08-25,2025-09-02,True,14160,42002111,-2,5,0.1209184375,138.125,3565
2025-09,OOS,2025-09-24,2025-10-01,True,294973,42002111,-11,32,0.730525,852.5,-32440
2025-10,OOS,2025-10-27,2025-11-03,True,294973,42002111,-1,2,0.0568225,58.75,-283.75
2025-11,OOS,2025-11-21,2025-12-01,True,294973,42004475,8,-24,0.53305,635,90965
2025-12,OOS,2025-12-24,2026-01-02,True,42140878,42004475,-4,12,0.27397625,317.5,12332.5
2026-01,OOS,2026-01-26,2026-02-02,True,42140878,42004475,-4,13,0.2840884375,338.125,-7635
2026-02,OOS,2026-02-23,2026-03-02,True,42140878,42000661,3,-10,0.21672375,258.75,7753.75
2026-03,OOS,2026-03-25,2026-04-01,True,42140864,42000661,5,-14,0.319740625,376.25,-7438.75
2026-04,OOS,2026-04-24,2026-05-01,True,42140864,42000661,-12,39,0.8616928125,1014.375,-61511.25
2026-05,OOS,2026-05-22,2026-06-01,True,42140864,42001136,-15,51,1.115690625,1314.375,-61126.875
2026-06,OOS,2026-06-24,2026-07-01,True,42140870,42001136,4,-14,0.301875,358.75,28597.5
2026-07,OOS,2026-07-27,2026-08-03,False,42140870,42001136,0,0,0,0,0
2026-08,OOS,2026-08-25,2026-09-01,True,42140870,42001080,-4,15,0.3156996875,379.375,-9045
2026-09,OOS,2026-09-24,2026-10-01,True,10252,42001080,-9,32,0.6858625,817.5,12032.5
