root,instrument_id,date,settle
ES,118,2024-06-24,5517
ES,118,2024-06-25,5537
ES,118,2024-06-26,5543.5
ES,118,2024-06-27,5546
ES,118,2024-06-28,5521.5
ES,118,2024-07-01,5533.75
ES,118,2024-07-25,5441.25
ES,118,2024-07-26,5499
ES,118,2024-07-29,5503
ES,118,2024-07-30,5472.5
ES,118,2024-07-31,5558
ES,118,2024-08-01,5480.25
ES,736,2019-03-25,2807
ES,736,2019-03-26,2823
ES,736,2019-03-27,2810.5
ES,736,2019-03-28,2821
ES,736,2019-03-29,2837.75
ES,736,2019-04-01,2870.5
ES,736,2019-04-24,2930.75
ES,736,2019-04-25,2926.25
ES,736,2019-04-26,2941.5
ES,736,2019-04-29,2943
ES,736,2019-04-30,2948.5
ES,736,2019-05-01,2923
ES,736,2019-05-24,2831.75
ES,736,2019-05-28,2805
ES,736,2019-05-29,2780
ES,736,2019-05-30,2790.5
ES,736,2019-05-31,2752.5
ES,736,2019-06-03,2749.5
ES,1030,2021-06-24,4256
ES,1030,2021-06-25,4271.25
ES,1030,2021-06-28,4280.5
ES,1030,2021-06-29,4282
ES,1030,2021-06-30,4288.5
ES,1030,2021-07-01,4310.75
ES,1030,2021-07-26,4414.25
ES,1030,2021-07-27,4394.5
ES,1030,2021-07-28,4393.75
ES,1030,2021-07-29,4411.75
ES,1030,2021-07-30,4389.5
ES,1030,2021-08-02,4379.75
ES,1030,2021-08-25,4493
ES,1030,2021-08-26,4466.5
ES,1030,2021-08-27,4505.5
ES,1030,2021-08-30,4525.25
ES,1030,2021-08-31,4520.5
ES,1030,2021-09-01,4521.25
ES,2615,2016-07-25,2162.25
ES,2615,2016-07-26,2163.25
ES,2615,2016-07-27,2160.5
ES,2615,2016-07-28,2164.75
ES,2615,2016-07-29,2168.25
ES,2615,2016-08-01,2164.5
ES,2615,2016-08-25,2173.5
ES,2615,2016-08-26,2168.5
ES,2615,2016-08-29,2179.25
ES,2615,2016-08-30,2175.25
ES,2615,2016-08-31,2169.5
ES,2615,2016-09-01,2167.25
ES,2928,2016-09-26,2139.75
ES,2928,2016-09-27,2152.75
ES,2928,2016-09-28,2163.25
ES,2928,2016-09-29,2148.5
ES,2928,2016-09-30,2160.5
ES,2928,2016-10-03,2153.25
ES,2928,2016-11-23,2200.75
ES,2928,2016-11-25,2211.25
ES,2928,2016-11-28,2200.75
ES,2928,2016-11-29,2203.75
ES,2928,2016-11-30,2198.75
ES,2928,2016-12-01,2192
ES,3403,2022-03-25,4536.5
ES,3403,2022-03-28,4568
ES,3403,2022-03-29,4625.5
ES,3403,2022-03-30,4596
ES,3403,2022-03-31,4530.75
ES,3403,2022-04-01,4539.25
ES,3403,2022-04-25,4292.75
ES,3403,2022-04-26,4170.5
ES,3403,2022-04-27,4180.25
ES,3403,2022-04-28,4283.5
ES,3403,2022-04-29,4127.5
ES,3403,2022-05-02,4151
ES,3403,2022-05-24,3940.5
ES,3403,2022-05-25,3976.75
ES,3403,2022-05-26,4055.75
ES,3403,2022-05-27,4155.75
ES,3403,2022-05-31,4131.25
ES,3403,2022-06-01,4099
ES,3445,2023-06-26,4370.25
ES,3445,2023-06-27,4418.75
ES,3445,2023-06-28,4417.5
ES,3445,2023-06-29,4435.75
ES,3445,2023-06-30,4488.25
ES,3445,2023-07-03,4492.25
ES,3445,2023-07-25,4596
ES,3445,2023-07-26,4595.25
ES,3445,2023-07-27,4564.25
ES,3445,2023-07-28,4606.5
ES,3445,2023-07-31,4614.5
ES,3445,2023-08-01,4601.25
ES,3445,2023-08-25,4414.25
ES,3445,2023-08-28,4442.25
ES,3445,2023-08-29,4506.75
ES,3445,2023-08-30,4524.25
ES,3445,2023-08-31,4516
ES,3445,2023-09-01,4521.5
ES,3853,2021-03-25,3900.5
ES,3853,2021-03-26,3964.75
ES,3853,2021-03-29,3959
ES,3853,2021-03-30,3947.75
ES,3853,2021-03-31,3967.5
ES,3853,2021-04-01,4010
ES,3853,2021-04-26,4179.5
ES,3853,2021-04-27,4179
ES,3853,2021-04-28,4176.25
ES,3853,2021-04-29,4203.5
ES,3853,2021-04-30,4174.5
ES,3853,2021-05-03,4185.75
ES,3853,2021-05-24,4193.75
ES,3853,2021-05-25,4185.5
ES,3853,2021-05-26,4193
ES,3853,2021-05-27,4199
ES,3853,2021-05-28,4202.5
ES,3853,2021-06-01,4198.5
ES,4916,2025-03-25,5826.5
ES,4916,2025-03-26,5759.5
ES,4916,2025-03-27,5739.25
ES,4916,2025-03-28,5623
ES,4916,2025-03-31,5653.25
ES,4916,2025-04-01,5674.5
ES,4916,2025-04-24,5511.25
ES,4916,2025-04-25,5549.75
ES,4916,2025-04-28,5553
ES,4916,2025-04-29,5583.75
ES,4916,2025-04-30,5587
ES,4916,2025-05-01,5623.25
ES,4916,2025-05-23,5817
ES,4916,2025-05-27,5934.25
ES,4916,2025-05-28,5902.75
ES,4916,2025-05-29,5922.75
ES,4916,2025-05-30,5916
ES,4916,2025-06-02,5947.25
ES,5002,2024-12-24,6098
ES,5002,2024-12-26,6095.25
ES,5002,2024-12-27,6027
ES,5002,2024-12-30,5958.75
ES,5002,2024-12-31,5935.75
ES,5002,2025-01-02,5916.5
ES,5002,2025-01-27,6046.75
ES,5002,2025-01-28,6097
ES,5002,2025-01-29,6067.5
ES,5002,2025-01-30,6099.25
ES,5002,2025-01-31,6067.25
ES,5002,2025-02-03,6022.25
ES,5002,2025-02-24,6000.75
ES,5002,2025-02-25,5970
ES,5002,2025-02-26,5970.75
ES,5002,2025-02-27,5876.25
ES,5002,2025-02-28,5963.25
ES,5002,2025-03-03,5860.75
ES,5482,2020-12-24,3695
ES,5482,2020-12-28,3727.5
ES,5482,2020-12-29,3720
ES,5482,2020-12-30,3724.25
ES,5482,2020-12-31,3748.75
ES,5482,2021-01-04,3692.25
ES,5482,2021-01-25,3848.5
ES,5482,2021-01-26,3842.5
ES,5482,2021-01-27,3744.25
ES,5482,2021-01-28,3779.25
ES,5482,2021-01-29,3705.25
ES,5482,2021-02-01,3765.75
ES,5482,2021-02-22,3873.5
ES,5482,2021-02-23,3878
ES,5482,2021-02-24,3922.5
ES,5482,2021-02-25,3828
ES,5482,2021-02-26,3809.25
ES,5482,2021-03-01,3898.75
ES,5602,2024-03-22,5293.25
ES,5602,2024-03-25,5278.25
ES,5602,2024-03-26,5265.25
ES,5602,2024-03-27,5308.25
ES,5602,2024-03-28,5308.5
ES,5602,2024-04-01,5295.25
ES,5602,2024-04-24,5107.5
ES,5602,2024-04-25,5082.25
ES,5602,2024-04-26,5131.5
ES,5602,2024-04-29,5147
ES,5602,2024-04-30,5067
ES,5602,2024-05-01,5046.5
ES,5602,2024-05-24,5321.5
ES,5602,2024-05-28,5324.75
ES,5602,2024-05-29,5284
ES,5602,2024-05-30,5253
ES,5602,2024-05-31,5295.5
ES,5602,2024-06-03,5297.25
ES,5782,2021-12-27,4782.25
ES,5782,2021-12-28,4778.5
ES,5782,2021-12-29,4784.5
ES,5782,2021-12-30,4772.25
ES,5782,2021-12-31,4758.5
ES,5782,2022-01-03,4786
ES,5782,2022-01-25,4349
ES,5782,2022-01-26,4341.5
ES,5782,2022-01-27,4317.75
ES,5782,2022-01-28,4423.25
ES,5782,2022-01-31,4504.25
ES,5782,2022-02-01,4535
ES,5782,2022-02-22,4300
ES,5782,2022-02-23,4222
ES,5782,2022-02-24,4284
ES,5782,2022-02-25,4380
ES,5782,2022-02-28,4368
ES,5782,2022-03-01,4303.75
ES,6505,2016-03-24,2028.5
ES,6505,2016-03-28,2028
ES,6505,2016-03-29,2047.5
ES,6505,2016-03-30,2055.25
ES,6505,2016-03-31,2051.5
ES,6505,2016-04-01,2065
ES,6505,2016-04-25,2083.25
ES,6505,2016-04-26,2088.5
ES,6505,2016-04-27,2090.75
ES,6505,2016-04-28,2072.5
ES,6505,2016-04-29,2059
ES,6505,2016-05-02,2074.25
ES,6505,2016-05-24,2075
ES,6505,2016-05-25,2087.25
ES,6505,2016-05-26,2089.75
ES,6505,2016-05-27,2097.25
ES,6505,2016-05-31,2095
ES,6505,2016-06-01,2098
ES,8858,2021-09-24,4445.75
ES,8858,2021-09-27,4433
ES,8858,2021-09-28,4343.5
ES,8858,2021-09-29,4349.75
ES,8858,2021-09-30,4297.75
ES,8858,2021-10-01,4343.75
ES,8858,2021-10-25,4558
ES,8858,2021-10-26,4565.25
ES,8858,2021-10-27,4544.5
ES,8858,2021-10-28,4587.5
ES,8858,2021-10-29,4597
ES,8858,2021-11-01,4605.75
ES,8858,2021-11-23,4688.5
ES,8858,2021-11-24,4699
ES,8858,2021-11-26,4595.75
ES,8858,2021-11-29,4651
ES,8858,2021-11-30,4566.25
ES,8858,2021-12-01,4508.5
ES,9006,2017-03-27,2338.5
ES,9006,2017-03-28,2351.5
ES,9006,2017-03-29,2357
ES,9006,2017-03-30,2364.5
ES,9006,2017-03-31,2359.25
ES,9006,2017-04-03,2356
ES,9006,2017-04-24,2370
ES,9006,2017-04-25,2385
ES,9006,2017-04-26,2382.25
ES,9006,2017-04-27,2386
ES,9006,2017-04-28,2380.5
ES,9006,2017-05-01,2387
ES,9006,2017-05-24,2402
ES,9006,2017-05-25,2413.5
ES,9006,2017-05-26,2413.75
ES,9006,2017-05-30,2410.75
ES,9006,2017-05-31,2411
ES,9006,2017-06-01,2429.5
ES,10252,2026-09-24,7767
ES,10252,2026-09-25,7803.75
ES,10252,2026-09-28,7746.75
ES,10252,2026-09-29,7732
ES,10252,2026-09-30,7715.5
ES,10252,2026-10-01,7724
ES,10571,2019-12-24,3225.75
ES,10571,2019-12-26,3244.5
ES,10571,2019-12-27,3237.5
ES,10571,2019-12-30,3223.5
ES,10571,2019-12-31,3231
ES,10571,2020-01-02,3259
ES,10571,2020-01-27,3239.5
ES,10571,2020-01-28,3278.25
ES,10571,2020-01-29,3272.5
ES,10571,2020-01-30,3289.75
ES,10571,2020-01-31,3224
ES,10571,2020-02-03,3245.5
ES,10571,2020-02-24,3226.25
ES,10571,2020-02-25,3132.5
ES,10571,2020-02-26,3110.25
ES,10571,2020-02-28,2951
ES,10571,2020-03-02,3065
ES,12181,2020-06-24,3049
ES,12181,2020-06-25,3070.75
ES,12181,2020-06-26,3007
ES,12181,2020-06-29,3047.75
ES,12181,2020-07-01,3103
ES,12181,2020-07-27,3232.25
ES,12181,2020-07-28,3213
ES,12181,2020-07-29,3252.5
ES,12181,2020-07-30,3248.75
ES,12181,2020-07-31,3263.5
ES,12181,2020-08-03,3288.5
ES,12181,2020-08-25,3443
ES,12181,2020-08-26,3480.25
ES,12181,2020-08-27,3485.25
ES,12181,2020-08-28,3504.5
ES,12181,2020-08-31,3499
ES,12181,2020-09-01,3527
ES,13950,2015-10-26,2062.25
ES,13950,2015-10-27,2060.5
ES,13950,2015-10-28,2084.5
ES,13950,2015-10-29,2083
ES,13950,2015-10-30,2073.75
ES,13950,2015-11-02,2095.5
ES,13950,2015-11-23,2084.25
ES,13950,2015-11-24,2084.75
ES,13950,2015-11-25,2088
ES,13950,2015-11-27,2090
ES,13950,2015-11-30,2079.75
ES,13950,2015-12-01,2100
ES,14160,2025-06-24,6146.25
ES,14160,2025-06-25,6147
ES,14160,2025-06-26,6195
ES,14160,2025-06-27,6223.75
ES,14160,2025-06-30,6253.75
ES,14160,2025-07-01,6248.75
ES,14160,2025-07-25,6425
ES,14160,2025-07-28,6422.75
ES,14160,2025-07-29,6406
ES,14160,2025-07-30,6396.25
ES,14160,2025-07-31,6374.25
ES,14160,2025-08-01,6264.5
ES,14160,2025-08-25,6455.5
ES,14160,2025-08-26,6482.5
ES,14160,2025-08-27,6496
ES,14160,2025-08-28,6517.5
ES,14160,2025-08-29,6472.75
ES,14160,2025-09-02,6425.5
ES,16114,2018-09-24,2925.5
ES,16114,2018-09-25,2921.25
ES,16114,2018-09-26,2911.5
ES,16114,2018-09-27,2920
ES,16114,2018-09-28,2919
ES,16114,2018-10-01,2930
ES,16114,2018-10-25,2688.25
ES,16114,2018-10-26,2669.5
ES,16114,2018-10-29,2643.5
ES,16114,2018-10-30,2685.25
ES,16114,2018-10-31,2711
ES,16114,2018-11-01,2738
ES,16114,2018-11-26,2670
ES,16114,2018-11-27,2683.5
ES,16114,2018-11-28,2741.5
ES,16114,2018-11-29,2744.25
ES,16114,2018-11-30,2758.25
ES,16114,2018-12-03,2790.75
ES,16145,2019-09-24,2970.25
ES,16145,2019-09-25,2986.25
ES,16145,2019-09-26,2980.5
ES,16145,2019-09-27,2963.75
ES,16145,2019-09-30,2978.5
ES,16145,2019-10-01,2937.75
ES,16145,2019-10-25,3020.25
ES,16145,2019-10-28,3036.25
ES,16145,2019-10-29,3035.75
ES,16145,2019-10-30,3047.75
ES,16145,2019-10-31,3035.75
ES,16145,2019-11-01,3063.25
ES,16145,2019-11-22,3111.5
ES,16145,2019-11-25,3132.75
ES,16145,2019-11-26,3143.75
ES,16145,2019-11-27,3153.75
ES,16145,2019-11-29,3143.75
ES,16145,2019-12-02,3114.25
ES,17077,2023-12-22,4805.25
ES,17077,2023-12-26,4825
ES,17077,2023-12-27,4833.5
ES,17077,2023-12-28,4832.25
ES,17077,2023-12-29,4820
ES,17077,2024-01-02,4787.25
ES,17077,2024-01-25,4923.25
ES,17077,2024-01-26,4916.25
ES,17077,2024-01-29,4954.5
ES,17077,2024-01-30,4951
ES,17077,2024-01-31,4870.5
ES,17077,2024-02-01,4928.5
ES,17077,2024-02-23,5101.5
ES,17077,2024-02-26,5080.25
ES,17077,2024-02-27,5090
ES,17077,2024-02-28,5081
ES,17077,2024-02-29,5103.75
ES,17077,2024-03-01,5146
ES,18720,2018-12-24,2341.75
ES,18720,2018-12-26,2471
ES,18720,2018-12-27,2495
ES,18720,2018-12-28,2486
ES,18720,2018-12-31,2505.25
ES,18720,2019-01-02,2511
ES,18720,2019-01-25,2663.5
ES,18720,2019-01-28,2642
ES,18720,2019-01-29,2640.25
ES,18720,2019-01-30,2682.5
ES,18720,2019-01-31,2704.5
ES,18720,2019-02-01,2704.25
ES,18720,2019-02-22,2791.25
ES,18720,2019-02-25,2797
ES,18720,2019-02-26,2791.5
ES,18720,2019-02-27,2795
ES,18720,2019-02-28,2784.75
ES,18720,2019-03-01,2805
ES,19100,2020-09-24,3238
ES,19100,2020-09-25,3287.25
ES,19100,2020-09-28,3346
ES,19100,2020-09-29,3333.75
ES,19100,2020-09-30,3352
ES,19100,2020-10-01,3367.75
ES,19100,2020-10-26,3393.5
ES,19100,2020-10-27,3383
ES,19100,2020-10-28,3263.5
ES,19100,2020-10-29,3302.25
ES,19100,2020-10-30,3264.75
ES,19100,2020-11-02,3300.5
ES,19100,2020-11-23,3576
ES,19100,2020-11-24,3632.75
ES,19100,2020-11-25,3627.25
ES,19100,2020-11-27,3636.5
ES,19100,2020-11-30,3623.25
ES,19100,2020-12-01,3660.5
ES,21168,2017-12-22,2686
ES,21168,2017-12-26,2687
ES,21168,2017-12-27,2685.5
ES,21168,2017-12-28,2685.75
ES,21168,2017-12-29,2676
ES,21168,2018-01-02,2693
ES,21168,2018-01-25,2841.25
ES,21168,2018-01-26,2874.5
ES,21168,2018-01-29,2853.5
ES,21168,2018-01-30,2824.5
ES,21168,2018-01-31,2825.75
ES,21168,2018-02-01,2822.5
ES,21168,2018-02-22,2711.5
ES,21168,2018-02-23,2748.75
ES,21168,2018-02-26,2784.5
ES,21168,2018-02-27,2747.5
ES,21168,2018-02-28,2714.5
ES,21168,2018-03-01,2678.25
ES,21336,2020-03-25,2467
ES,21336,2020-03-26,2608
ES,21336,2020-03-27,2524
ES,21336,2020-03-30,2611.25
ES,21336,2020-03-31,2569.75
ES,21336,2020-04-01,2448
ES,21336,2020-04-24,2829.5
ES,21336,2020-04-27,2869
ES,21336,2020-04-28,2867.25
ES,21336,2020-04-29,2941
ES,21336,2020-04-30,2902.5
ES,21336,2020-05-01,2821.75
ES,21336,2020-05-22,2953
ES,21336,2020-05-26,2994.5
ES,21336,2020-05-27,3035.5
ES,21336,2020-05-28,3038
ES,21336,2020-05-29,3042
ES,21336,2020-06-01,3054
ES,23252,2018-03-23,2597.75
ES,23252,2018-03-26,2659.5
ES,23252,2018-03-27,2615.75
ES,23252,2018-03-28,2607.5
ES,23252,2018-03-29,2643
ES,23252,2018-04-02,2575
ES,23252,2018-04-24,2635.25
ES,23252,2018-04-25,2644.5
ES,23252,2018-04-26,2674.5
ES,23252,2018-04-27,2671.5
ES,23252,2018-04-30,2647
ES,23252,2018-05-01,2652.25
ES,23252,2018-05-24,2727.5
ES,23252,2018-05-25,2718.25
ES,23252,2018-05-29,2692.25
ES,23252,2018-05-30,2724.5
ES,23252,2018-05-31,2705.5
ES,23252,2018-06-01,2733.75
ES,23936,2017-09-25,2497
ES,23936,2017-09-26,2495.5
ES,23936,2017-09-27,2504.5
ES,23936,2017-09-28,2507.75
ES,23936,2017-09-29,2516
ES,23936,2017-10-02,2526.25
ES,23936,2017-10-25,2558.5
ES,23936,2017-10-26,2561.5
ES,23936,2017-10-27,2578.5
ES,23936,2017-10-30,2568.25
ES,23936,2017-10-31,2572.75
ES,23936,2017-11-01,2574.75
ES,23936,2017-11-24,2601
ES,23936,2017-11-27,2601.75
ES,23936,2017-11-28,2626
ES,23936,2017-11-29,2625
ES,23936,2017-11-30,2648
ES,23936,2017-12-01,2644
ES,24842,2017-06-26,2436
ES,24842,2017-06-27,2420.5
ES,24842,2017-06-28,2438.5
ES,24842,2017-06-29,2420
ES,24842,2017-06-30,2421
ES,24842,2017-07-03,2425
ES,24842,2017-07-25,2474
ES,24842,2017-07-26,2473.25
ES,24842,2017-07-27,2472
ES,24842,2017-07-28,2470.25
ES,24842,2017-07-31,2468
ES,24842,2017-08-01,2472.25
ES,24842,2017-08-25,2442.5
ES,24842,2017-08-28,2443.75
ES,24842,2017-08-29,2447
ES,24842,2017-08-30,2455.75
ES,24842,2017-08-31,2470
ES,24842,2017-09-01,2474.25
ES,35903,2016-12-23,2260
ES,35903,2016-12-27,2261
ES,35903,2016-12-28,2245.25
ES,35903,2016-12-29,2245
ES,35903,2016-12-30,2236.25
ES,35903,2017-01-03,2252.5
ES,35903,2017-01-25,2294
ES,35903,2017-01-26,2294
ES,35903,2017-01-27,2289
ES,35903,2017-01-30,2276
ES,35903,2017-01-31,2274.5
ES,35903,2017-02-01,2274.5
ES,35903,2017-02-22,2361
ES,35903,2017-02-23,2362.75
ES,35903,2017-02-24,2365
ES,35903,2017-02-27,2368.25
ES,35903,2017-02-28,2362.75
ES,35903,2017-03-01,2393.5
ES,37699,2019-06-24,2952
ES,37699,2019-06-25,2922
ES,37699,2019-06-26,2918
ES,37699,2019-06-27,2931
ES,37699,2019-06-28,2944.25
ES,37699,2019-07-01,2967.75
ES,37699,2019-07-25,3006.5
ES,37699,2019-07-26,3024.5
ES,37699,2019-07-29,3021.75
ES,37699,2019-07-30,3012.25
ES,37699,2019-07-31,2982.25
ES,37699,2019-08-01,2952
ES,37699,2019-08-26,2883.25
ES,37699,2019-08-27,2865.5
ES,37699,2019-08-28,2889.75
ES,37699,2019-08-29,2926.75
ES,37699,2019-08-30,2924.75
ES,37699,2019-09-03,2906
ES,49705,2015-12-24,2051.25
ES,49705,2015-12-28,2048.75
ES,49705,2015-12-29,2072.75
ES,49705,2015-12-30,2054.5
ES,49705,2015-12-31,2035.5
ES,49705,2016-01-04,2009
ES,49705,2016-01-25,1870.25
ES,49705,2016-01-26,1896
ES,49705,2016-01-27,1875
ES,49705,2016-01-28,1880.75
ES,49705,2016-01-29,1930
ES,49705,2016-02-01,1931.25
ES,49705,2016-02-23,1916
ES,49705,2016-02-24,1930.25
ES,49705,2016-02-25,1950.5
ES,49705,2016-02-26,1942.75
ES,49705,2016-02-29,1929.5
ES,49705,2016-03-01,1978
ES,57287,2018-06-25,2722.25
ES,57287,2018-06-26,2728.5
ES,57287,2018-06-27,2705
ES,57287,2018-06-28,2719.5
ES,57287,2018-06-29,2721.5
ES,57287,2018-07-02,2727.25
ES,57287,2018-07-25,2841.25
ES,57287,2018-07-26,2842.5
ES,57287,2018-07-27,2817.5
ES,57287,2018-07-30,2803.25
ES,57287,2018-07-31,2817
ES,57287,2018-08-01,2810.75
ES,57287,2018-08-27,2898.5
ES,57287,2018-08-28,2899.25
ES,57287,2018-08-29,2914.75
ES,57287,2018-08-30,2902
ES,57287,2018-08-31,2902
ES,57287,2018-09-04,2898.25
ES,95414,2023-03-27,4007.25
ES,95414,2023-03-28,4001.5
ES,95414,2023-03-29,4057.5
ES,95414,2023-03-30,4080
ES,95414,2023-03-31,4137.75
ES,95414,2023-04-03,4153.75
ES,95414,2023-04-24,4159.5
ES,95414,2023-04-25,4093.25
ES,95414,2023-04-26,4076
ES,95414,2023-04-27,4153.75
ES,95414,2023-04-28,4188.5
ES,95414,2023-05-01,4185.75
ES,95414,2023-05-24,4126
ES,95414,2023-05-25,4159.75
ES,95414,2023-05-26,4213.25
ES,95414,2023-05-30,4215
ES,95414,2023-05-31,4190.5
ES,95414,2023-06-01,4228
ES,97042,2022-06-24,3916.25
ES,97042,2022-06-27,3903.75
ES,97042,2022-06-28,3825.5
ES,97042,2022-06-29,3821.25
ES,97042,2022-06-30,3789.5
ES,97042,2022-07-01,3827.25
ES,97042,2022-07-25,3970
ES,97042,2022-07-26,3923.25
ES,97042,2022-07-27,4024.5
ES,97042,2022-07-28,4073.5
ES,97042,2022-07-29,4133.5
ES,97042,2022-08-01,4120.5
ES,97042,2022-08-25,4201
ES,97042,2022-08-26,4059.5
ES,97042,2022-08-29,4031.25
ES,97042,2022-08-30,3987.5
ES,97042,2022-08-31,3956.5
ES,97042,2022-09-01,3968.75
ES,183748,2024-10-25,5846
ES,183748,2024-10-28,5861.5
ES,183748,2024-10-29,5871
ES,183748,2024-10-30,5852
ES,183748,2024-10-31,5738.5
ES,183748,2024-11-01,5758.25
ES,183748,2024-11-22,5987
ES,183748,2024-11-25,6006.5
ES,183748,2024-11-26,6038.25
ES,183748,2024-11-27,6015
ES,183748,2024-11-29,6051.5
ES,183748,2024-12-02,6061.75
ES,206299,2022-12-23,3869.75
ES,206299,2022-12-27,3855
ES,206299,2022-12-28,3807.5
ES,206299,2022-12-29,3871.75
ES,206299,2022-12-30,3861
ES,206299,2023-01-03,3846
ES,206299,2023-01-25,4032
ES,206299,2023-01-26,4075.5
ES,206299,2023-01-27,4084.25
ES,206299,2023-01-30,4032.5
ES,206299,2023-01-31,4090
ES,206299,2023-02-01,4132.25
ES,206299,2023-02-22,3999
ES,206299,2023-02-23,4018.75
ES,206299,2023-02-24,3975.75
ES,206299,2023-02-27,3988
ES,206299,2023-02-28,3975.5
ES,206299,2023-03-01,3956.5
ES,206323,2022-09-26,3670
ES,206323,2022-09-27,3661
ES,206323,2022-09-28,3732
ES,206323,2022-09-29,3654.25
ES,206323,2022-09-30,3601.5
ES,206323,2022-10-03,3690.25
ES,206323,2022-10-25,3870.25
ES,206323,2022-10-26,3841
ES,206323,2022-10-27,3819.5
ES,206323,2022-10-28,3911.25
ES,206323,2022-10-31,3883
ES,206323,2022-11-01,3866
ES,206323,2022-11-23,4033
ES,206323,2022-11-25,4032.5
ES,206323,2022-11-28,3970.25
ES,206323,2022-11-29,3962
ES,206323,2022-11-30,4081.25
ES,206323,2022-12-01,4081.75
ES,294973,2025-09-24,6692.25
ES,294973,2025-09-25,6659.75
ES,294973,2025-09-26,6696.5
ES,294973,2025-09-29,6713.5
ES,294973,2025-09-30,6738.75
ES,294973,2025-10-01,6761.5
ES,294973,2025-10-27,6908.25
ES,294973,2025-10-28,6925.75
ES,294973,2025-10-29,6922.75
ES,294973,2025-10-30,6855.5
ES,294973,2025-10-31,6874
ES,294973,2025-11-03,6882.75
ES,294973,2025-11-21,6620.25
ES,294973,2025-11-24,6721.25
ES,294973,2025-11-25,6781.5
ES,294973,2025-11-26,6828
ES,294973,2025-11-28,6859.5
ES,294973,2025-12-01,6826.75
ES,314863,2023-09-25,4378.75
ES,314863,2023-09-26,4314.75
ES,314863,2023-09-27,4313.5
ES,314863,2023-09-28,4337.5
ES,314863,2023-09-29,4325.5
ES,314863,2023-10-02,4324.25
ES,314863,2023-10-25,4209.75
ES,314863,2023-10-26,4156.5
ES,314863,2023-10-27,4137.75
ES,314863,2023-10-30,4185.75
ES,314863,2023-10-31,4212.25
ES,314863,2023-11-01,4256
ES,314863,2023-11-24,4568.25
ES,314863,2023-11-27,4561
ES,314863,2023-11-28,4563
ES,314863,2023-11-29,4559.25
ES,314863,2023-11-30,4576.75
ES,314863,2023-12-01,4600.75
ES,42140864,2026-03-25,6640.75
ES,42140864,2026-03-26,6525
ES,42140864,2026-03-27,6412.25
ES,42140864,2026-03-30,6388.25
ES,42140864,2026-03-31,6570.75
ES,42140864,2026-04-01,6617.75
ES,42140864,2026-04-24,7194.75
ES,42140864,2026-04-27,7206
ES,42140864,2026-04-28,7171
ES,42140864,2026-04-29,7168
ES,42140864,2026-04-30,7243.75
ES,42140864,2026-05-01,7258
ES,42140864,2026-05-22,7491
ES,42140864,2026-05-26,7537
ES,42140864,2026-05-27,7540
ES,42140864,2026-05-28,7581.75
ES,42140864,2026-05-29,7595.75
ES,42140864,2026-06-01,7613.25
ES,42140870,2026-06-24,7428.25
ES,42140870,2026-06-25,7423.25
ES,42140870,2026-06-26,7401.75
ES,42140870,2026-06-29,7500.25
ES,42140870,2026-06-30,7548.25
ES,42140870,2026-07-01,7543.5
ES,42140870,2026-08-25,7692
ES,42140870,2026-08-26,7690
ES,42140870,2026-08-27,7742.5
ES,42140870,2026-08-28,7722
ES,42140870,2026-08-31,7699
ES,42140870,2026-09-01,7642.75
ES,42140878,2025-12-24,6982.5
ES,42140878,2025-12-26,6979.25
ES,42140878,2025-12-29,6955
ES,42140878,2025-12-30,6944.25
ES,42140878,2025-12-31,6892.5
ES,42140878,2026-01-02,6900.5
ES,42140878,2026-01-26,6981.25
ES,42140878,2026-01-27,7008.5
ES,42140878,2026-01-28,7007.25
ES,42140878,2026-01-29,6992.75
ES,42140878,2026-01-30,6965.75
ES,42140878,2026-02-02,7002.5
ES,42140878,2026-02-23,6851.5
ES,42140878,2026-02-24,6903.75
ES,42140878,2026-02-25,6959.75
ES,42140878,2026-02-26,6920
ES,42140878,2026-02-27,6889
ES,42140878,2026-03-02,6888.25
ZN,12212,2023-08-25,109.921875
ZN,12212,2023-08-28,110.125
ZN,12212,2023-08-29,110.8125
ZN,12212,2023-08-30,110.84375
ZN,12212,2023-08-31,111.03125
ZN,12212,2023-09-01,110.578125
ZN,12212,2023-09-25,108.171875
ZN,12212,2023-09-26,108.109375
ZN,12212,2023-09-27,107.578125
ZN,12212,2023-09-28,107.859375
ZN,12212,2023-09-29,108.0625
ZN,12212,2023-10-02,107.328125
ZN,12212,2023-10-25,105.671875
ZN,12212,2023-10-26,106.34375
ZN,12212,2023-10-27,106.421875
ZN,12212,2023-10-30,106.21875
ZN,12212,2023-10-31,106.171875
ZN,12212,2023-11-01,106.859375
ZN,59121,2019-08-26,131.4375
ZN,59121,2019-08-27,131.796875
ZN,59121,2019-08-28,132.015625
ZN,59121,2019-08-29,131.625
ZN,59121,2019-08-30,131.71875
ZN,59121,2019-09-03,132.125
ZN,59121,2019-09-24,130.71875
ZN,59121,2019-09-25,129.953125
ZN,59121,2019-09-26,130.28125
ZN,59121,2019-09-27,130.390625
ZN,59121,2019-09-30,130.3125
ZN,59121,2019-10-01,130.65625
ZN,59121,2019-10-25,129.53125
ZN,59121,2019-10-28,129.15625
ZN,59121,2019-10-29,129.265625
ZN,59121,2019-10-30,129.484375
ZN,59121,2019-10-31,130.296875
ZN,59121,2019-11-01,130.015625
ZN,69078,2023-02-22,111.703125
ZN,69078,2023-02-23,111.953125
ZN,69078,2023-02-24,111.40625
ZN,69078,2023-02-27,111.609375
ZN,69078,2023-02-28,111.65625
ZN,69078,2023-03-01,111
ZN,69078,2023-03-27,114.984375
ZN,69078,2023-03-28,114.640625
ZN,69078,2023-03-29,114.53125
ZN,69078,2023-03-30,114.578125
ZN,69078,2023-03-31,114.921875
ZN,69078,2023-04-03,115.453125
ZN,69078,2023-04-24,114.875
ZN,69078,2023-04-25,115.796875
ZN,69078,2023-04-26,115.546875
ZN,69078,2023-04-27,114.734375
ZN,69078,2023-04-28,115.203125
ZN,69078,2023-05-01,114.5
ZN,71412,2022-08-25,117.890625
ZN,71412,2022-08-26,117.671875
ZN,71412,2022-08-29,117.109375
ZN,71412,2022-08-30,117.078125
ZN,71412,2022-08-31,116.90625
ZN,71412,2022-09-01,115.984375
ZN,71412,2022-09-26,111.359375
ZN,71412,2022-09-27,110.890625
ZN,71412,2022-09-28,112.859375
ZN,71412,2022-09-29,112.453125
ZN,71412,2022-09-30,112.0625
ZN,71412,2022-10-03,113.203125
ZN,71412,2022-10-25,110.5625
ZN,71412,2022-10-26,111.09375
ZN,71412,2022-10-27,111.6875
ZN,71412,2022-10-28,111
ZN,71412,2022-10-31,110.59375
ZN,71412,2022-11-01,110.578125
ZN,72174,2015-11-23,126.265625
ZN,72174,2015-11-24,126.359375
ZN,72174,2015-11-25,126.390625
ZN,72174,2015-11-27,126.5
ZN,72174,2015-11-30,126.4375
ZN,72174,2015-12-01,126.953125
ZN,72174,2015-12-24,126.171875
ZN,72174,2015-12-28,126.265625
ZN,72174,2015-12-29,125.65625
ZN,72174,2015-12-30,125.609375
ZN,72174,2015-12-31,125.90625
ZN,72174,2016-01-04,126.15625
ZN,72174,2016-01-25,128.546875
ZN,72174,2016-01-26,128.8125
ZN,72174,2016-01-27,128.859375
ZN,72174,2016-01-28,129.03125
ZN,72174,2016-01-29,129.578125
ZN,72174,2016-02-01,129.171875
ZN,98159,2018-11-26,118.984375
ZN,98159,2018-11-27,119.109375
ZN,98159,2018-11-28,119.265625
ZN,98159,2018-11-29,119.3125
ZN,98159,2018-11-30,119.453125
ZN,98159,2018-12-03,119.59375
ZN,98159,2018-12-24,121.40625
ZN,98159,2018-12-26,121.03125
ZN,98159,2018-12-27,121.53125
ZN,98159,2018-12-28,121.625
ZN,98159,2018-12-31,122.015625
ZN,98159,2019-01-02,122.1875
ZN,98159,2019-01-25,121.40625
ZN,98159,2019-01-28,121.5
ZN,98159,2019-01-29,121.78125
ZN,98159,2019-01-30,122
ZN,98159,2019-01-31,122.46875
ZN,98159,2019-02-01,121.9375
ZN,105872,2020-02-24,132.5625
ZN,105872,2020-02-25,133.015625
ZN,105872,2020-02-26,133.21875
ZN,105872,2020-02-28,134.75
ZN,105872,2020-03-02,135.109375
ZN,105872,2020-03-25,137.34375
ZN,105872,2020-03-26,137.734375
ZN,105872,2020-03-27,138.265625
ZN,105872,2020-03-30,138.828125
ZN,105872,2020-03-31,138.6875
ZN,105872,2020-04-01,138.984375
ZN,105872,2020-04-24,139.109375
ZN,105872,2020-04-27,138.65625
ZN,105872,2020-04-28,139.015625
ZN,105872,2020-04-29,138.96875
ZN,105872,2020-04-30,139.0625
ZN,105872,2020-05-01,138.875
ZN,110030,2023-11-24,108.78125
ZN,110030,2023-11-27,109.375
ZN,110030,2023-11-28,109.890625
ZN,110030,2023-11-29,110.3125
ZN,110030,2023-11-30,109.796875
ZN,110030,2023-12-01,110.671875
ZN,110030,2023-12-22,112.59375
ZN,110030,2023-12-26,112.71875
ZN,110030,2023-12-27,113.328125
ZN,110030,2023-12-28,112.890625
ZN,110030,2023-12-29,112.890625
ZN,110030,2024-01-02,112.296875
ZN,110030,2024-01-25,111.3125
ZN,110030,2024-01-26,111.03125
ZN,110030,2024-01-29,111.515625
ZN,110030,2024-01-30,111.625
ZN,110030,2024-01-31,112.328125
ZN,110030,2024-02-01,112.890625
ZN,120107,2016-08-25,131.09375
ZN,120107,2016-08-26,130.40625
ZN,120107,2016-08-29,130.984375
ZN,120107,2016-08-30,130.921875
ZN,120107,2016-08-31,130.921875
ZN,120107,2016-09-01,130.953125
ZN,120107,2016-09-26,131.3125
ZN,120107,2016-09-27,131.53125
ZN,120107,2016-09-28,131.4375
ZN,120107,2016-09-29,131.546875
ZN,120107,2016-09-30,131.125
ZN,120107,2016-10-03,130.953125
ZN,126136,2019-02-22,122.46875
ZN,126136,2019-02-25,122.359375
ZN,126136,2019-02-26,122.671875
ZN,126136,2019-02-27,122.21875
ZN,126136,2019-02-28,122
ZN,126136,2019-03-01,121.640625
ZN,126136,2019-03-25,124.328125
ZN,126136,2019-03-26,124.40625
ZN,126136,2019-03-27,124.6875
ZN,126136,2019-03-28,124.5
ZN,126136,2019-03-29,124.21875
ZN,126136,2019-04-01,123.609375
ZN,126136,2019-04-24,123.53125
ZN,126136,2019-04-25,123.390625
ZN,126136,2019-04-26,123.671875
ZN,126136,2019-04-29,123.4375
ZN,126136,2019-04-30,123.671875
ZN,126136,2019-05-01,123.578125
ZN,146095,2022-02-22,126.421875
ZN,146095,2022-02-23,126.21875
ZN,146095,2022-02-24,126.40625
ZN,146095,2022-02-25,126.171875
ZN,146095,2022-02-28,127.4375
ZN,146095,2022-03-01,128.734375
ZN,146095,2022-03-25,121.546875
ZN,146095,2022-03-28,121.703125
ZN,146095,2022-03-29,122.328125
ZN,146095,2022-03-30,122.625
ZN,146095,2022-03-31,122.875
ZN,146095,2022-04-01,122.234375
ZN,146095,2022-04-25,119.609375
ZN,146095,2022-04-26,120.046875
ZN,146095,2022-04-27,119.796875
ZN,146095,2022-04-28,119.359375
ZN,146095,2022-04-29,119.15625
ZN,146095,2022-05-02,118.34375
ZN,184597,2015-10-26,128.59375
ZN,184597,2015-10-27,128.921875
ZN,184597,2015-10-28,128.203125
ZN,184597,2015-10-29,127.609375
ZN,184597,2015-10-30,127.6875
ZN,184597,2015-11-02,127.375
ZN,204527,2020-11-23,137.921875
ZN,204527,2020-11-24,137.859375
ZN,204527,2020-11-25,137.890625
ZN,204527,2020-11-27,138.1875
ZN,204527,2020-11-30,138.171875
ZN,204527,2020-12-01,137.4375
ZN,204527,2020-12-24,137.875
ZN,204527,2020-12-28,137.921875
ZN,204527,2020-12-29,137.921875
ZN,204527,2020-12-30,137.96875
ZN,204527,2020-12-31,138.078125
ZN,204527,2021-01-04,138.125
ZN,204527,2021-01-25,137.375
ZN,204527,2021-01-26,137.375
ZN,204527,2021-01-27,137.53125
ZN,204527,2021-01-28,137.25
ZN,204527,2021-01-29,137.03125
ZN,204527,2021-02-01,137.1875
ZN,208387,2016-11-23,124.71875
ZN,208387,2016-11-25,124.578125
ZN,208387,2016-11-28,124.984375
ZN,208387,2016-11-29,125.109375
ZN,208387,2016-11-30,124.515625
ZN,208387,2016-12-01,123.984375
ZN,208387,2016-12-23,123.359375
ZN,208387,2016-12-27,123.203125
ZN,208387,2016-12-28,123.640625
ZN,208387,2016-12-29,123.9375
ZN,208387,2016-12-30,124.28125
ZN,208387,2017-01-03,124.109375
ZN,208387,2017-01-25,123.8125
ZN,208387,2017-01-26,123.96875
ZN,208387,2017-01-27,124.171875
ZN,208387,2017-01-30,124.21875
ZN,208387,2017-01-31,124.46875
ZN,208387,2017-02-01,124.328125
ZN,234665,2022-05-24,120
ZN,234665,2022-05-25,120.21875
ZN,234665,2022-05-26,120.21875
ZN,234665,2022-05-27,120.140625
ZN,234665,2022-05-31,119.453125
ZN,234665,2022-06-01,118.640625
ZN,234665,2022-06-24,117.34375
ZN,234665,2022-06-27,116.8125
ZN,234665,2022-06-28,116.703125
ZN,234665,2022-06-29,117.515625
ZN,234665,2022-06-30,118.53125
ZN,234665,2022-07-01,119.265625
ZN,234665,2022-07-25,119.65625
ZN,234665,2022-07-26,119.859375
ZN,234665,2022-07-27,120.421875
ZN,234665,2022-07-28,120.984375
ZN,234665,2022-07-29,121.140625
ZN,234665,2022-08-01,121.359375
ZN,338574,2023-05-24,114.21875
ZN,338574,2023-05-25,113.40625
ZN,338574,2023-05-26,113.1875
ZN,338574,2023-05-30,114.03125
ZN,338574,2023-05-31,114.46875
ZN,338574,2023-06-01,114.734375
ZN,338574,2023-06-26,113.234375
ZN,338574,2023-06-27,112.828125
ZN,338574,2023-06-28,113.25
ZN,338574,2023-06-29,112.125
ZN,338574,2023-06-30,112.265625
ZN,338574,2023-07-03,111.9375
ZN,338574,2023-07-25,111.609375
ZN,338574,2023-07-26,112.140625
ZN,338574,2023-07-27,111.015625
ZN,338574,2023-07-28,111.34375
ZN,338574,2023-07-31,111.40625
ZN,338574,2023-08-01,110.875
ZN,353160,2017-02-22,124.21875
ZN,353160,2017-02-23,124.484375
ZN,353160,2017-02-24,125.09375
ZN,353160,2017-02-27,124.59375
ZN,353160,2017-02-28,124.578125
ZN,353160,2017-03-01,123.71875
ZN,353160,2017-03-27,124.671875
ZN,353160,2017-03-28,124.359375
ZN,353160,2017-03-29,124.578125
ZN,353160,2017-03-30,124.34375
ZN,353160,2017-03-31,124.5625
ZN,353160,2017-04-03,125.03125
ZN,353160,2017-04-24,125.796875
ZN,353160,2017-04-25,125.40625
ZN,353160,2017-04-26,125.5625
ZN,353160,2017-04-27,125.640625
ZN,353160,2017-04-28,125.71875
ZN,353160,2017-05-01,125.46875
ZN,357060,2017-05-24,125.765625
ZN,357060,2017-05-25,125.859375
ZN,357060,2017-05-26,125.890625
ZN,357060,2017-05-30,126.15625
ZN,357060,2017-05-31,126.296875
ZN,357060,2017-06-01,126.1875
ZN,357060,2017-06-26,126.78125
ZN,357060,2017-06-27,126.28125
ZN,357060,2017-06-28,126.203125
ZN,357060,2017-06-29,125.8125
ZN,357060,2017-06-30,125.53125
ZN,357060,2017-07-03,125.109375
ZN,357060,2017-07-25,125.578125
ZN,357060,2017-07-26,126.015625
ZN,357060,2017-07-27,125.828125
ZN,357060,2017-07-28,125.953125
ZN,357060,2017-07-31,125.890625
ZN,357060,2017-08-01,126.234375
ZN,397730,2022-11-23,113.25
ZN,397730,2022-11-25,113.3125
ZN,397730,2022-11-28,113.25
ZN,397730,2022-11-29,112.984375
ZN,397730,2022-11-30,113.5
ZN,397730,2022-12-01,114.609375
ZN,397730,2022-12-23,113.078125
ZN,397730,2022-12-27,112.328125
ZN,397730,2022-12-28,112.1875
ZN,397730,2022-12-29,112.4375
ZN,397730,2022-12-30,112.296875
ZN,397730,2023-01-03,112.640625
ZN,397730,2023-01-25,115.140625
ZN,397730,2023-01-26,114.859375
ZN,397730,2023-01-27,114.609375
ZN,397730,2023-01-30,114.28125
ZN,397730,2023-01-31,114.515625
ZN,397730,2023-02-01,115.484375
ZN,408794,2021-02-22,134.234375
ZN,408794,2021-02-23,134.328125
ZN,408794,2021-02-24,134.078125
ZN,408794,2021-02-25,132.578125
ZN,408794,2021-02-26,132.71875
ZN,408794,2021-03-01,133.1875
ZN,408794,2021-03-25,132.140625
ZN,408794,2021-03-26,131.765625
ZN,408794,2021-03-29,131.359375
ZN,408794,2021-03-30,131.1875
ZN,408794,2021-03-31,130.9375
ZN,408794,2021-04-01,131.421875
ZN,408794,2021-04-26,132.375
ZN,408794,2021-04-27,132.03125
ZN,408794,2021-04-28,132.09375
ZN,408794,2021-04-29,131.984375
ZN,408794,2021-04-30,132.03125
ZN,408794,2021-05-03,132.328125
ZN,421732,2020-05-22,138.890625
ZN,421732,2020-05-26,138.6875
ZN,421732,2020-05-27,138.84375
ZN,421732,2020-05-28,138.65625
ZN,421732,2020-05-29,139.0625
ZN,421732,2020-06-01,139.015625
ZN,421732,2020-06-24,138.875
ZN,421732,2020-06-25,138.90625
ZN,421732,2020-06-26,139.21875
ZN,421732,2020-06-29,139.328125
ZN,421732,2020-07-01,138.953125
ZN,421732,2020-07-27,139.46875
ZN,421732,2020-07-28,139.703125
ZN,421732,2020-07-29,139.75
ZN,421732,2020-07-30,140.015625
ZN,421732,2020-07-31,140.078125
ZN,421732,2020-08-03,139.9375
ZN,480218,2018-08-27,120.234375
ZN,480218,2018-08-28,119.984375
ZN,480218,2018-08-29,119.96875
ZN,480218,2018-08-30,120.15625
ZN,480218,2018-08-31,120.265625
ZN,480218,2018-09-04,119.921875
ZN,480218,2018-09-24,118.625
ZN,480218,2018-09-25,118.453125
ZN,480218,2018-09-26,118.734375
ZN,480218,2018-09-27,118.75
ZN,480218,2018-09-28,118.78125
ZN,480218,2018-10-01,118.671875
ZN,480218,2018-10-25,118.53125
ZN,480218,2018-10-26,119.03125
ZN,480218,2018-10-29,118.953125
ZN,480218,2018-10-30,118.78125
ZN,480218,2018-10-31,118.4375
ZN,480218,2018-11-01,118.578125
ZN,480372,2020-08-25,139.171875
ZN,480372,2020-08-26,139.171875
ZN,480372,2020-08-27,138.828125
ZN,480372,2020-08-28,139.09375
ZN,480372,2020-08-31,139.25
ZN,480372,2020-09-01,139.4375
ZN,480372,2020-09-24,139.578125
ZN,480372,2020-09-25,139.640625
ZN,480372,2020-09-28,139.625
ZN,480372,2020-09-29,139.78125
ZN,480372,2020-09-30,139.53125
ZN,480372,2020-10-01,139.546875
ZN,480372,2020-10-26,138.640625
ZN,480372,2020-10-27,138.84375
ZN,480372,2020-10-28,138.796875
ZN,480372,2020-10-29,138.40625
ZN,480372,2020-10-30,138.21875
ZN,480372,2020-11-02,138.296875
ZN,507886,2021-08-25,133.046875
ZN,507886,2021-08-26,133
ZN,507886,2021-08-27,133.3125
ZN,507886,2021-08-30,133.53125
ZN,507886,2021-08-31,133.453125
ZN,507886,2021-09-01,133.453125
ZN,507886,2021-09-24,132.015625
ZN,507886,2021-09-27,131.796875
ZN,507886,2021-09-28,131.46875
ZN,507886,2021-09-29,131.46875
ZN,507886,2021-09-30,131.609375
ZN,507886,2021-10-01,132.171875
ZN,507886,2021-10-25,130.5625
ZN,507886,2021-10-26,130.609375
ZN,507886,2021-10-27,131.171875
ZN,507886,2021-10-28,130.75
ZN,507886,2021-10-29,130.703125
ZN,507886,2021-11-01,130.65625
ZN,525443,2017-11-24,124.71875
ZN,525443,2017-11-27,124.890625
ZN,525443,2017-11-28,124.734375
ZN,525443,2017-11-29,124.46875
ZN,525443,2017-11-30,124.046875
ZN,525443,2017-12-01,124.421875
ZN,525443,2017-12-22,123.46875
ZN,525443,2017-12-26,123.625
ZN,525443,2017-12-27,123.984375
ZN,525443,2017-12-28,123.84375
ZN,525443,2017-12-29,124.046875
ZN,525443,2018-01-02,123.6875
ZN,525443,2018-01-25,122.4375
ZN,525443,2018-01-26,122.0625
ZN,525443,2018-01-29,121.8125
ZN,525443,2018-01-30,121.640625
ZN,525443,2018-01-31,121.578125
ZN,525443,2018-02-01,121.21875
ZN,596431,2019-05-24,125.1875
ZN,596431,2019-05-28,125.71875
ZN,596431,2019-05-29,125.953125
ZN,596431,2019-05-30,126.015625
ZN,596431,2019-05-31,126.75
ZN,596431,2019-06-03,127.28125
ZN,596431,2019-06-24,127.9375
ZN,596431,2019-06-25,128.125
ZN,596431,2019-06-26,127.59375
ZN,596431,2019-06-27,127.9375
ZN,596431,2019-06-28,127.96875
ZN,596431,2019-07-01,127.6875
ZN,596431,2019-07-25,127.28125
ZN,596431,2019-07-26,127.21875
ZN,596431,2019-07-29,127.453125
ZN,596431,2019-07-30,127.34375
ZN,596431,2019-07-31,127.421875
ZN,596431,2019-08-01,128.6875
ZN,615592,2018-02-22,119.84375
ZN,615592,2018-02-23,120.171875
ZN,615592,2018-02-26,120.265625
ZN,615592,2018-02-27,119.796875
ZN,615592,2018-02-28,120.046875
ZN,615592,2018-03-01,120.609375
ZN,615592,2018-03-23,120.609375
ZN,615592,2018-03-26,120.46875
ZN,615592,2018-03-27,120.90625
ZN,615592,2018-03-28,120.90625
ZN,615592,2018-03-29,121.140625
ZN,615592,2018-04-02,121.265625
ZN,615592,2018-04-24,119.328125
ZN,615592,2018-04-25,119.078125
ZN,615592,2018-04-26,119.3125
ZN,615592,2018-04-27,119.5
ZN,615592,2018-04-30,119.625
ZN,615592,2018-05-01,119.375
ZN,703006,2021-05-24,131.734375
ZN,703006,2021-05-25,132.078125
ZN,703006,2021-05-26,132.03125
ZN,703006,2021-05-27,131.78125
ZN,703006,2021-05-28,131.9375
ZN,703006,2021-06-01,131.796875
ZN,703006,2021-06-24,132.171875
ZN,703006,2021-06-25,131.859375
ZN,703006,2021-06-28,132.265625
ZN,703006,2021-06-29,132.265625
ZN,703006,2021-06-30,132.5
ZN,703006,2021-07-01,132.265625
ZN,703006,2021-07-26,134.203125
ZN,703006,2021-07-27,134.46875
ZN,703006,2021-07-28,134.265625
ZN,703006,2021-07-29,134.21875
ZN,703006,2021-07-30,134.453125
ZN,703006,2021-08-02,135
ZN,732065,2016-05-24,129.46875
ZN,732065,2016-05-25,129.375
ZN,732065,2016-05-26,129.8125
ZN,732065,2016-05-27,129.703125
ZN,732065,2016-05-31,129.6875
ZN,732065,2016-06-01,129.546875
ZN,732065,2016-07-25,132.0625
ZN,732065,2016-07-26,132.125
ZN,732065,2016-07-27,132.546875
ZN,732065,2016-07-28,132.5625
ZN,732065,2016-07-29,133.046875
ZN,732065,2016-08-01,132.796875
ZN,768155,2021-11-23,128.96875
ZN,768155,2021-11-24,129.046875
ZN,768155,2021-11-26,130.4375
ZN,768155,2021-11-29,130.28125
ZN,768155,2021-11-30,130.8125
ZN,768155,2021-12-01,130.921875
ZN,768155,2021-12-27,130.5625
ZN,768155,2021-12-28,130.609375
ZN,768155,2021-12-29,130.21875
ZN,768155,2021-12-30,130.40625
ZN,768155,2021-12-31,130.46875
ZN,768155,2022-01-03,129.4375
ZN,768155,2022-01-25,128.125
ZN,768155,2022-01-26,127.515625
ZN,768155,2022-01-27,127.65625
ZN,768155,2022-01-28,127.953125
ZN,768155,2022-01-31,127.96875
ZN,768155,2022-02-01,127.875
ZN,771691,2019-11-22,129.5
ZN,771691,2019-11-25,129.578125
ZN,771691,2019-11-26,129.75
ZN,771691,2019-11-27,129.484375
ZN,771691,2019-11-29,129.359375
ZN,771691,2019-12-02,128.90625
ZN,771691,2019-12-24,128.3125
ZN,771691,2019-12-26,128.375
ZN,771691,2019-12-27,128.65625
ZN,771691,2019-12-30,128.53125
ZN,771691,2019-12-31,128.421875
ZN,771691,2020-01-02,128.625
ZN,771691,2020-01-27,130.890625
ZN,771691,2020-01-28,130.609375
ZN,771691,2020-01-29,131.015625
ZN,771691,2020-01-30,131.3125
ZN,771691,2020-01-31,131.65625
ZN,771691,2020-02-03,131.578125
ZN,771901,2016-02-23,130.5625
ZN,771901,2016-02-24,130.625
ZN,771901,2016-02-25,131.09375
ZN,771901,2016-02-26,130.375
ZN,771901,2016-02-29,130.515625
ZN,771901,2016-03-01,129.59375
ZN,771901,2016-03-24,129.21875
ZN,771901,2016-03-28,129.40625
ZN,771901,2016-03-29,130
ZN,771901,2016-03-30,130.015625
ZN,771901,2016-03-31,130.390625
ZN,771901,2016-04-01,130.296875
ZN,771901,2016-04-25,129.375
ZN,771901,2016-04-26,129.171875
ZN,771901,2016-04-27,129.78125
ZN,771901,2016-04-28,129.953125
ZN,771901,2016-04-29,130.0625
ZN,771901,2016-05-02,129.703125
ZN,793429,2017-08-25,126.609375
ZN,793429,2017-08-28,126.734375
ZN,793429,2017-08-29,126.9375
ZN,793429,2017-08-30,126.8125
ZN,793429,2017-08-31,126.984375
ZN,793429,2017-09-01,126.671875
ZN,793429,2017-09-25,126.0625
ZN,793429,2017-09-26,126
ZN,793429,2017-09-27,125.4375
ZN,793429,2017-09-28,125.546875
ZN,793429,2017-09-29,125.3125
ZN,793429,2017-10-02,125.25
ZN,793429,2017-10-25,124.453125
ZN,793429,2017-10-26,124.375
ZN,793429,2017-10-27,124.59375
ZN,793429,2017-10-30,125.015625
ZN,793429,2017-10-31,124.9375
ZN,793429,2017-11-01,124.90625
ZN,799743,2018-05-24,119.171875
ZN,799743,2018-05-25,119.53125
ZN,799743,2018-05-29,120.9375
ZN,799743,2018-05-30,120.296875
ZN,799743,2018-05-31,120.4375
ZN,799743,2018-06-01,119.84375
ZN,799743,2018-06-25,120.03125
ZN,799743,2018-06-26,120
ZN,799743,2018-06-27,120.390625
ZN,799743,2018-06-28,120.1875
ZN,799743,2018-06-29,120.1875
ZN,799743,2018-07-02,120.078125
ZN,799743,2018-07-25,119.65625
ZN,799743,2018-07-26,119.34375
ZN,799743,2018-07-27,119.4375
ZN,799743,2018-07-30,119.375
ZN,799743,2018-07-31,119.421875
ZN,799743,2018-08-01,119.171875
ZN,42000661,2026-02-23,113.328125
ZN,42000661,2026-02-24,113.234375
ZN,42000661,2026-02-25,113.109375
ZN,42000661,2026-02-26,113.359375
ZN,42000661,2026-02-27,113.8125
ZN,42000661,2026-03-02,113.078125
ZN,42000661,2026-03-25,110.890625
ZN,42000661,2026-03-26,110.171875
ZN,42000661,2026-03-27,110.15625
ZN,42000661,2026-03-30,110.8125
ZN,42000661,2026-03-31,111.046875
ZN,42000661,2026-04-01,110.984375
ZN,42000661,2026-04-24,111.21875
ZN,42000661,2026-04-27,111.03125
ZN,42000661,2026-04-28,110.859375
ZN,42000661,2026-04-29,110.359375
ZN,42000661,2026-04-30,110.59375
ZN,42000661,2026-05-01,110.640625
ZN,42000697,2024-10-25,111.0625
ZN,42000697,2024-10-28,110.703125
ZN,42000697,2024-10-29,110.75
ZN,42000697,2024-10-30,110.703125
ZN,42000697,2024-10-31,110.46875
ZN,42000697,2024-11-01,110.03125
ZN,42001080,2026-08-25,108.609375
ZN,42001080,2026-08-26,108.40625
ZN,42001080,2026-08-27,108.328125
ZN,42001080,2026-08-28,107.875
ZN,42001080,2026-08-31,107.65625
ZN,42001080,2026-09-01,107.375
ZN,42001080,2026-09-24,104.859375
ZN,42001080,2026-09-25,104.859375
ZN,42001080,2026-09-28,104.484375
ZN,42001080,2026-09-29,104.421875
ZN,42001080,2026-09-30,104.203125
ZN,42001080,2026-10-01,104.65625
ZN,42001136,2026-05-22,108.984375
ZN,42001136,2026-05-26,109.578125
ZN,42001136,2026-05-27,109.65625
ZN,42001136,2026-05-28,109.796875
ZN,42001136,2026-05-29,109.828125
ZN,42001136,2026-06-01,109.609375
ZN,42001136,2026-06-24,110
ZN,42001136,2026-06-25,110.09375
ZN,42001136,2026-06-26,110.265625
ZN,42001136,2026-06-29,110.1875
ZN,42001136,2026-06-30,109.890625
ZN,42001136,2026-07-01,109.578125
ZN,42002111,2025-08-25,112
ZN,42002111,2025-08-26,112.234375
ZN,42002111,2025-08-27,112.4375
ZN,42002111,2025-08-28,112.59375
ZN,42002111,2025-08-29,112.5
ZN,42002111,2025-09-02,112.140625
ZN,42002111,2025-09-24,112.640625
ZN,42002111,2025-09-25,112.328125
ZN,42002111,2025-09-26,112.265625
ZN,42002111,2025-09-29,112.515625
ZN,42002111,2025-09-30,112.5
ZN,42002111,2025-10-01,112.84375
ZN,42002111,2025-10-27,113.421875
ZN,42002111,2025-10-28,113.46875
ZN,42002111,2025-10-29,112.90625
ZN,42002111,2025-10-30,112.703125
ZN,42002111,2025-10-31,112.671875
ZN,42002111,2025-11-03,112.671875
ZN,42002219,2024-11-22,109.8125
ZN,42002219,2024-11-25,110.71875
ZN,42002219,2024-11-26,110.515625
ZN,42002219,2024-11-27,110.90625
ZN,42002219,2024-11-29,111.1875
ZN,42002219,2024-12-02,111.109375
ZN,42002219,2024-12-24,108.5625
ZN,42002219,2024-12-26,108.65625
ZN,42002219,2024-12-27,108.4375
ZN,42002219,2024-12-30,108.96875
ZN,42002219,2024-12-31,108.75
ZN,42002219,2025-01-02,108.8125
ZN,42002219,2025-01-27,109.15625
ZN,42002219,2025-01-28,109.03125
ZN,42002219,2025-01-29,108.953125
ZN,42002219,2025-01-30,109.234375
ZN,42002219,2025-01-31,108.84375
ZN,42002219,2025-02-03,108.953125
ZN,42002321,2024-05-24,109.015625
ZN,42002321,2024-05-28,108.609375
ZN,42002321,2024-05-29,108.0625
ZN,42002321,2024-05-30,108.546875
ZN,42002321,2024-05-31,108.796875
ZN,42002321,2024-06-03,109.5625
ZN,42002321,2024-06-24,110.53125
ZN,42002321,2024-06-25,110.59375
ZN,42002321,2024-06-26,110.0625
ZN,42002321,2024-06-27,110.25
ZN,42002321,2024-06-28,109.984375
ZN,42002321,2024-07-01,109.171875
ZN,42002321,2024-07-25,110.796875
ZN,42002321,2024-07-26,111.203125
ZN,42002321,2024-07-29,111.34375
ZN,42002321,2024-07-30,111.5625
ZN,42002321,2024-07-31,111.8125
ZN,42002321,2024-08-01,112.734375
ZN,42004113,2025-02-24,109.890625
ZN,42004113,2025-02-25,110.546875
ZN,42004113,2025-02-26,110.890625
ZN,42004113,2025-02-27,110.640625
ZN,42004113,2025-02-28,111.09375
ZN,42004113,2025-03-03,111.40625
ZN,42004113,2025-03-25,110.75
ZN,42004113,2025-03-26,110.5625
ZN,42004113,2025-03-27,110.421875
ZN,42004113,2025-03-28,111.203125
ZN,42004113,2025-03-31,111.21875
ZN,42004113,2025-04-01,111.78125
ZN,42004113,2025-04-24,111.21875
ZN,42004113,2025-04-25,111.515625
ZN,42004113,2025-04-28,111.90625
ZN,42004113,2025-04-29,112.15625
ZN,42004113,2025-04-30,112.21875
ZN,42004113,2025-05-01,111.859375
ZN,42004475,2025-11-21,113.203125
ZN,42004475,2025-11-24,113.328125
ZN,42004475,2025-11-25,113.59375
ZN,42004475,2025-11-26,113.578125
ZN,42004475,2025-11-28,113.34375
ZN,42004475,2025-12-01,112.828125
ZN,42004475,2025-12-24,112.515625
ZN,42004475,2025-12-26,112.578125
ZN,42004475,2025-12-29,112.71875
ZN,42004475,2025-12-30,112.640625
ZN,42004475,2025-12-31,112.4375
ZN,42004475,2026-01-02,112.203125
ZN,42004475,2026-01-26,111.828125
ZN,42004475,2026-01-27,111.796875
ZN,42004475,2026-01-28,111.640625
ZN,42004475,2026-01-29,111.859375
ZN,42004475,2026-01-30,111.828125
ZN,42004475,2026-02-02,111.59375
ZN,42004501,2024-02-23,110.421875
ZN,42004501,2024-02-26,110.140625
ZN,42004501,2024-02-27,110.046875
ZN,42004501,2024-02-28,110.34375
ZN,42004501,2024-02-29,110.4375
ZN,42004501,2024-03-01,111.03125
ZN,42004501,2024-03-22,110.75
ZN,42004501,2024-03-25,110.515625
ZN,42004501,2024-03-26,110.640625
ZN,42004501,2024-03-27,110.875
ZN,42004501,2024-03-28,110.796875
ZN,42004501,2024-04-01,109.921875
ZN,42004501,2024-04-24,107.734375
ZN,42004501,2024-04-25,107.359375
ZN,42004501,2024-04-26,107.578125
ZN,42004501,2024-04-29,107.953125
ZN,42004501,2024-04-30,107.4375
ZN,42004501,2024-05-01,108.109375
ZN,42066706,2025-05-23,110.125
ZN,42066706,2025-05-27,110.5625
ZN,42066706,2025-05-28,110.25
ZN,42066706,2025-05-29,110.6875
ZN,42066706,2025-05-30,110.75
ZN,42066706,2025-06-02,110.46875
ZN,42066706,2025-06-24,111.65625
ZN,42066706,2025-06-25,111.6875
ZN,42066706,2025-06-26,112.015625
ZN,42066706,2025-06-27,111.8125
ZN,42066706,2025-06-30,112.125
ZN,42066706,2025-07-01,111.859375
ZN,42066706,2025-07-25,110.984375
ZN,42066706,2025-07-28,110.765625
ZN,42066706,2025-07-29,111.359375
ZN,42066706,2025-07-30,111
ZN,42066706,2025-07-31,111.0625
ZN,42066706,2025-08-01,112.203125
